,titles,links
0,"Vaseline Body Ice Cream, 165 g",https://www.amazon.in/gp/slredirect/picassoRedirect.html/ref=pa_sp_atf_aps_sr_pg1_1?ie=UTF8&adId=A0259195DZJ2S7GUU09J&url=%2FVaseline-Body-Ice-Cream-165%2Fdp%2FB085WKL537%2Fref%3Dsr_1_1_sspa%3Fdchild%3D1%26keywords%3DBody%2BCream%26qid%3D1624283239%26sr%3D8-1-spons%26psc%3D1&qualifier=1624283239&id=8919141745039535&widgetName=sp_atf
1,"NIVEA Soft Light Moisturizer Cream, with Vitamin E & Jojoba Oil for Face, Hands and Body, 500 ml",https://www.amazon.in/gp/slredirect/picassoRedirect.html/ref=pa_sp_atf_aps_sr_pg1_1?ie=UTF8&adId=A10098753H3B6HIU122VR&url=%2FNivea-Cream-Light-Moisturiser-Vitamin%2Fdp%2FB07YLY1YT1%2Fref%3Dsr_1_2_sspa%3Fdchild%3D1%26keywords%3DBody%2BCream%26qid%3D1624283239%26sr%3D8-2-spons%26psc%3D1&qualifier=1624283239&id=8919141745039535&widgetName=sp_atf
2,"Organic Harvest Coffee with Cocoa, Olive Oil & Aloe Vera Body Butter Cream for Women | Deep Moisturizing Cream for Dry Face & Body Skin | Sulphates & Parabens-free - 100 ml",https://www.amazon.in/gp/slredirect/picassoRedirect.html/ref=pa_sp_atf_aps_sr_pg1_1?ie=UTF8&adId=A08134041VAJQ9K5ITIYM&url=%2FOrganic-Harvest-Moisturizing-Sulphates-Parabens-free%2Fdp%2FB08QS4DPY1%2Fref%3Dsr_1_3_sspa%3Fdchild%3D1%26keywords%3DBody%2BCream%26qid%3D1624283239%26smid%3DAMUQ56Q1P787N%26sr%3D8-3-spons%26psc%3D1&qualifier=1624283239&id=8919141745039535&widgetName=sp_atf
3,"NIVEA Crème, All Season Multi-Purpose Cream, 200ml",https://www.amazon.in/gp/slredirect/picassoRedirect.html/ref=pa_sp_atf_aps_sr_pg1_1?ie=UTF8&adId=A08630892NJ84HXX9QWWP&url=%2FNivea-Creme-200ml%2Fdp%2FB00GQVESKA%2Fref%3Dsr_1_4_sspa%3Fdchild%3D1%26keywords%3DBody%2BCream%26qid%3D1624283239%26sr%3D8-4-spons%26psc%3D1&qualifier=1624283239&id=8919141745039535&widgetName=sp_atf
4,"Himalaya Rich Cocoa Butter Body Cream, 200ml",https://www.amazon.in/Himalaya-Cocoa-Butter-Cream-200ml/dp/B01N4HP2ET/ref=sr_1_5?dchild=1&keywords=Body+Cream&qid=1624283239&sr=8-5
5,"Himalaya Herbals Cocoa Butter Intensive Body Lotion, 400ml",https://www.amazon.in/Himalaya-Herbals-Butter-Intensive-Lotion/dp/B006G84AA6/ref=sr_1_6?dchild=1&keywords=Body+Cream&qid=1624283239&sr=8-6
6,"VLCC Almond Honey Body Lotion, 350ml Buy 1 Get 1 free",https://www.amazon.in/VLCC-Almond-Nourishing-Brightening-Lotion/dp/B077JSDB6V/ref=sr_1_7?dchild=1&keywords=Body+Cream&qid=1624283239&sr=8-7
7,"Aveeno Daily Moisturizing Lotion For Normal To Dry Skin With Oats, 354ml",https://www.amazon.in/Aveeno-Daily-Moisturizing-Lotion-Normal/dp/B0105LFXJ6/ref=sxin_10?asc_contentid=amzn1.osa.13b59adf-5a66-4b13-b7a6-f4277164ed9a.A21TJRUUN4KGV.en_IN&asc_contenttype=article&ascsubtag=amzn1.osa.13b59adf-5a66-4b13-b7a6-f4277164ed9a.A21TJRUUN4KGV.en_IN&creativeASIN=B0105LFXJ6&cv_ct_cx=Body+Cream&cv_ct_id=amzn1.osa.13b59adf-5a66-4b13-b7a6-f4277164ed9a.A21TJRUUN4KGV.en_IN&cv_ct_pg=search&cv_ct_we=asin&cv_ct_wn=osp-single-source-earns-comm&dchild=1&keywords=Body+Cream&linkCode=oas&pd_rd_i=B0105LFXJ6&pd_rd_r=522b9002-ae41-4d4e-abf0-778521fedbf4&pd_rd_w=XqbnJ&pd_rd_wg=2rWeB&pf_rd_p=04cb5ab0-b8fd-4cb3-8087-30e7d341d745&pf_rd_r=5YZXKQEHYBPW0S3Y37RM&qid=1624283239&sr=1-1-483c64d8-df78-4008-ae20-e69f683e58b1&tag=htlifestyle-21
8,"Cetaphil Moisturizing Lotion, 100 ml",https://www.amazon.in/Cetaphil-Moisturizing-Lotion-100ml/dp/B01ER4HR4Q/ref=sxin_10?asc_contentid=amzn1.osa.13b59adf-5a66-4b13-b7a6-f4277164ed9a.A21TJRUUN4KGV.en_IN&asc_contenttype=article&ascsubtag=amzn1.osa.13b59adf-5a66-4b13-b7a6-f4277164ed9a.A21TJRUUN4KGV.en_IN&creativeASIN=B01ER4HR4Q&cv_ct_cx=Body+Cream&cv_ct_id=amzn1.osa.13b59adf-5a66-4b13-b7a6-f4277164ed9a.A21TJRUUN4KGV.en_IN&cv_ct_pg=search&cv_ct_we=asin&cv_ct_wn=osp-single-source-earns-comm&dchild=1&keywords=Body+Cream&linkCode=oas&pd_rd_i=B01ER4HR4Q&pd_rd_r=522b9002-ae41-4d4e-abf0-778521fedbf4&pd_rd_w=XqbnJ&pd_rd_wg=2rWeB&pf_rd_p=04cb5ab0-b8fd-4cb3-8087-30e7d341d745&pf_rd_r=5YZXKQEHYBPW0S3Y37RM&qid=1624283239&sr=1-2-483c64d8-df78-4008-ae20-e69f683e58b1&tag=htlifestyle-21
9,"MCaffeine Naked and Raw Coffee Body Lotion | Moisturization | White Water Lily, Shea Butter | Normal to Oily Skin | Paraben and Mineral Oil-Free for all skin types ( 200 ml )",https://www.amazon.in/mCaffeine-Coffee-Moisturization-Paraben-Mineral/dp/B07YL51LP7/ref=sxin_10?asc_contentid=amzn1.osa.13b59adf-5a66-4b13-b7a6-f4277164ed9a.A21TJRUUN4KGV.en_IN&asc_contenttype=article&ascsubtag=amzn1.osa.13b59adf-5a66-4b13-b7a6-f4277164ed9a.A21TJRUUN4KGV.en_IN&creativeASIN=B07YL51LP7&cv_ct_cx=Body+Cream&cv_ct_id=amzn1.osa.13b59adf-5a66-4b13-b7a6-f4277164ed9a.A21TJRUUN4KGV.en_IN&cv_ct_pg=search&cv_ct_we=asin&cv_ct_wn=osp-single-source-earns-comm&dchild=1&keywords=Body+Cream&linkCode=oas&pd_rd_i=B07YL51LP7&pd_rd_r=522b9002-ae41-4d4e-abf0-778521fedbf4&pd_rd_w=XqbnJ&pd_rd_wg=2rWeB&pf_rd_p=04cb5ab0-b8fd-4cb3-8087-30e7d341d745&pf_rd_r=5YZXKQEHYBPW0S3Y37RM&qid=1624283239&smid=A2A53F3N8CEFWW&sr=1-3-483c64d8-df78-4008-ae20-e69f683e58b1&tag=htlifestyle-21
10,,https://www.amazon.in/NIVEA-Body-Lotion-Nourishing-600ml/dp/B07VKM2HR5/ref=sxin_10?asc_contentid=amzn1.osa.13b59adf-5a66-4b13-b7a6-f4277164ed9a.A21TJRUUN4KGV.en_IN&asc_contenttype=article&ascsubtag=amzn1.osa.13b59adf-5a66-4b13-b7a6-f4277164ed9a.A21TJRUUN4KGV.en_IN&creativeASIN=B07VKM2HR5&cv_ct_cx=Body+Cream&cv_ct_id=amzn1.osa.13b59adf-5a66-4b13-b7a6-f4277164ed9a.A21TJRUUN4KGV.en_IN&cv_ct_pg=search&cv_ct_we=asin&cv_ct_wn=osp-single-source-earns-comm&dchild=1&keywords=Body+Cream&linkCode=oas&pd_rd_i=B07VKM2HR5&pd_rd_r=522b9002-ae41-4d4e-abf0-778521fedbf4&pd_rd_w=XqbnJ&pd_rd_wg=2rWeB&pf_rd_p=04cb5ab0-b8fd-4cb3-8087-30e7d341d745&pf_rd_r=5YZXKQEHYBPW0S3Y37RM&qid=1624283239&sr=1-4-483c64d8-df78-4008-ae20-e69f683e58b1&tag=htlifestyle-21
11,"NIVEA Body Lotion, Aloe Hydration, with Aloe Vera, for Men & Women, 400 ml",https://www.amazon.in/Nivea-Aloe-Hydration-Lotion-400ml/dp/B079KGC4NZ/ref=sr_1_8?dchild=1&keywords=Body+Cream&qid=1624283239&sr=8-8
12,"NIVEA Body Lotion for Very Dry Skin, Nourishing Body Milk with 2x Almond Oil, For Men & Women, 600 ml",https://www.amazon.in/NIVEA-Body-Lotion-Nourishing-600ml/dp/B07VKM2HR5/ref=sr_1_9?dchild=1&keywords=Body+Cream&qid=1624283239&sr=8-9
13,"NIVEA Soft Light Moisturizer Cream, with Vitamin E & Jojoba Oil for Face, Hands and Body, 300 ml",https://www.amazon.in/Nivea-Light-Moisturising-Cream-300ml/dp/B00E96N6O8/ref=sr_1_10?dchild=1&keywords=Body+Cream&qid=1624283239&sr=8-10
14,"Vaseline Intensive Care 24 hr nourishing Cocoa Glow Body Lotion with Cocoa And Shea Butter, Restores Glow for all skin type - 400 ml",https://www.amazon.in/Vaseline-Intensive-Care-Cocoa-Lotion/dp/B07W44MH3W/ref=sr_1_11?dchild=1&keywords=Body+Cream&qid=1624283239&sr=8-11
15,"Parachute Advansed Body Lotion Deep Nourish, 400 ml",https://www.amazon.in/Parachute-Advansed-Body-Lotion-Nourish/dp/B00CBRJ34E/ref=sr_1_12?dchild=1&keywords=Body+Cream&qid=1624283239&sr=8-12
16,Vaseline Intensive Care Deep Moisture Body Lotion 600 ml,https://www.amazon.in/Vaseline-Intensive-Care-Moisture-Lotion/dp/B08M4T5FJG/ref=sr_1_13?dchild=1&keywords=Body+Cream&qid=1624283239&sr=8-13
17,"NIVEA Body Lotion for Very Dry Skin, Nourishing Body Milk with 2x Almond Oil, For Men & Women, 400 ml",https://www.amazon.in/Nivea-Nourishing-Lotion-Moisture-Almond/dp/B00IJ72QWQ/ref=sr_1_14?dchild=1&keywords=Body+Cream&qid=1624283239&sr=8-14
18,"NIVEA Body Lotion for Very Dry Skin, Cocoa Nourish, with Coconut Oil & Cocoa Butter, For Men & Women, 400 ml",https://www.amazon.in/Nivea-Cocoa-Nourish-Lotion-400ml/dp/B00NW7NTTW/ref=sr_1_15?dchild=1&keywords=Body+Cream&qid=1624283239&sr=8-15
19,"Vaseline Body Ice Cream, 165 g",https://www.amazon.in/Vaseline-Body-Ice-Cream-165/dp/B085WKL537/ref=sr_1_16?dchild=1&keywords=Body+Cream&qid=1624283239&sr=8-16
20,"WOW Shea Butter and Cocoa Butter Moisturizing Body Lotion, Deep Hydration, 300ml",https://www.amazon.in/WOW-Butter-Moisturizing-Lotion-Hydration/dp/B07JZ23DVY/ref=sr_1_17?dchild=1&keywords=Body+Cream&qid=1624283239&sr=8-17
21,"NIVEA Body Lotion, Extra Whitening Cell Repair SPF 15, For All Skin Types, 400ml",https://www.amazon.in/Nivea-Extra-Whitening-Repair-Lotion/dp/B019XY4FOU/ref=sr_1_18?dchild=1&keywords=Body+Cream&qid=1624283239&sr=8-18
22,"BOROPLUS Doodh Kesar Body Lotion for Normal Skin , 400 ml",https://www.amazon.in/BOROPLUS-Doodh-Kesar-Body-Lotion/dp/B07VV5R3FB/ref=sr_1_19?dchild=1&keywords=Body+Cream&qid=1624283239&sr=8-19
23,"Vaseline Intensive Care Aloe Fresh Body Lotion, with Aloe Extract, Non Greasy, Non Sticky Formula For Hand & Body for Normal Skin 400 ml",https://www.amazon.in/Vaseline-Intensive-Care-Fresh-Lotion/dp/B07W7D8JY7/ref=sr_1_20?dchild=1&keywords=Body+Cream&qid=1624283239&sr=8-20
24,"Mylo Care Stretch Marks Cream for Pregnancy with the Goodness of Shea Butter, Saffron, Kokum Butter and Aloe Vera, Australia Certified Toxin Free, No Mineral Oils-50ml (50ml)",https://www.amazon.in/gp/slredirect/picassoRedirect.html/ref=pa_sp_mtf_aps_sr_pg1_1?ie=UTF8&adId=A0451732Q1QX6UGIJ5V9&url=%2FMylo-Care-Pregnancy-Australia-Certified%2Fdp%2FB094HN3VRR%2Fref%3Dsr_1_21_sspa%3Fdchild%3D1%26keywords%3DBody%2BCream%26qid%3D1624283239%26sr%3D8-21-spons%26psc%3D1&qualifier=1624283239&id=8919141745039535&widgetName=sp_mtf
25,"Aveeno Daily Moisturizing Lotion For Normal To Dry Skin With Oats, 354ml",https://www.amazon.in/gp/slredirect/picassoRedirect.html/ref=pa_sp_mtf_aps_sr_pg1_1?ie=UTF8&adId=A10484863HAXYMUHZQU76&url=%2FAveeno-Daily-Moisturizing-Lotion-Normal%2Fdp%2FB0105LFXJ6%2Fref%3Dsr_1_22_sspa%3Fdchild%3D1%26keywords%3DBody%2BCream%26qid%3D1624283239%26sr%3D8-22-spons%26psc%3D1&qualifier=1624283239&id=8919141745039535&widgetName=sp_mtf
26,"L'Occitane Nourishing Almond Milk Concentrate, 50ml",https://www.amazon.in/gp/slredirect/picassoRedirect.html/ref=pa_sp_mtf_aps_sr_pg1_1?ie=UTF8&adId=A087325623N907VRMF5JH&url=%2FLOccitane-Almond-Milk-Concentrate-50ml%2Fdp%2FB016OM70NC%2Fref%3Dsr_1_23_sspa%3Fdchild%3D1%26keywords%3DBody%2BCream%26qid%3D1624283239%26sr%3D8-23-spons%26psc%3D1&qualifier=1624283239&id=8919141745039535&widgetName=sp_mtf
27,"NIVEA Soft Light Moisturizing Cream, 300ml (Pack of 2)",https://www.amazon.in/gp/slredirect/picassoRedirect.html/ref=pa_sp_mtf_aps_sr_pg1_1?ie=UTF8&adId=A0082233DKSXCHT1M1XH&url=%2FNivea-Soft-Light-Moistirising-Cream%2Fdp%2FB07T48FR95%2Fref%3Dsr_1_24_sspa%3Fdchild%3D1%26keywords%3DBody%2BCream%26qid%3D1624283239%26sr%3D8-24-spons%26psc%3D1&qualifier=1624283239&id=8919141745039535&widgetName=sp_mtf
28,Oriflame Milk and Honey Gold Nourishing Hand and Body Face Moisturizer and Day Cream - Organically Sourced Extracts 250ml-31602,https://www.amazon.in/Oriflame-Nourshing-Organically-Extracts-250ml-31602/dp/B07QHZ1ZHD/ref=sr_1_25?dchild=1&keywords=Body+Cream&qid=1624283239&sr=8-25
29,"Joy Honey & Almonds Advanced Nourishing Body Lotion, For Normal to Dry skin 500ml",https://www.amazon.in/Honey-Almonds-Nourishing-Lotion-500ml/dp/B00TI9CB1A/ref=sr_1_26?dchild=1&keywords=Body+Cream&qid=1624283239&sr=8-26
30,"Vaseline Healthy Bright Daily Brightening Body Lotion, For Healthy & Glowing Skin, 400 ml",https://www.amazon.in/Vaseline-Healthy-Bright-Brightening-Lotion/dp/B07W8GZGPP/ref=sr_1_27?dchild=1&keywords=Body+Cream&qid=1624283239&sr=8-27
31,"Corlin Fair Glow Mix Fruit Skin Massage Cream, 850g",https://www.amazon.in/Corlin-Fair-Fruit-Massage-Cream/dp/B08R2TFWZB/ref=sr_1_28?dchild=1&keywords=Body+Cream&qid=1624283239&sr=8-28
32,ST. D'VENCE Winter Edition Body Lotion with Tea Tree Oil & Shea Butter (Dry Skin) (300 ml),https://www.amazon.in/ST-DVENCE-Winter-Lotion-Butter/dp/B016ZA76QO/ref=sr_1_29?dchild=1&keywords=Body+Cream&qid=1624283239&smid=AXDZ1KYIDP0BU&sr=8-29
33,"UrbanBotanics® 4 in1 Body Butter For Dry Skin/ Normal Skin/Itchy Skin & Stretch Marks with Shea Butter, Cocoa Butter, Kokum Butter & Caramel - Body Cream For Women & Men, 200g",https://www.amazon.in/UrbanBotanics%C2%AE-Butter-Normal-Stretch-Caramel/dp/B08FR29PMQ/ref=sr_1_30?dchild=1&keywords=Body+Cream&qid=1624283239&sr=8-30
34,"Yardley London English Lavender Hand and Body Lotion for Normal Skin , 350ml (Pack of 2)",https://www.amazon.in/Yardley-London-English-Lavender-Lotion/dp/B07NPJTQ5N/ref=sr_1_31?dchild=1&keywords=Body+Cream&qid=1624283239&sr=8-31
35,"Himalaya Nourishing Skin Cream, 200ml",https://www.amazon.in/Himalaya-Nourishing-Skin-Cream-200ml/dp/B01F32Q800/ref=sr_1_32?dchild=1&keywords=Body+Cream&qid=1624283239&sr=8-32
36,"VLCC Almond Honey Body Lotion, 350ml Buy 1 Get 1 free",https://www.amazon.in/VLCC-Almond-Honey-Lotion-350ml/dp/B0719CVYZR/ref=sr_1_33?dchild=1&keywords=Body+Cream&qid=1624283239&smid=AT95IG9ONZD7S&sr=8-33
37,Vaseline Intensive Care Deep Moisture Body Lotion 400 ml,https://www.amazon.in/Vaseline-Intensive-Restore-Lasting-Moisturisation/dp/B08M4QF7V9/ref=sr_1_34?dchild=1&keywords=Body+Cream&qid=1624283239&sr=8-34
38,"NIVEA Body Lotion for Dry Skin, Shea Smooth, with Shea Butter, For Men & Women, 400 ml",https://www.amazon.in/Nivea-Smooth-Milk-Lotion-400ml/dp/B00BKY9I62/ref=sr_1_35?dchild=1&keywords=Body+Cream&qid=1624283239&sr=8-35
39,"NIVEA Body Lotion, Oil in Lotion Rose & Argan Oil, For Dry Skin, 400ml",https://www.amazon.in/Nivea-Rose-Argan-Lotion-400ml/dp/B07H41VR92/ref=sr_1_36?dchild=1&keywords=Body+Cream&qid=1624283239&sr=8-36
40,"Joy Skin Fruits Fruit Moisturizing Cream, For All Skin Types 500 ml",https://www.amazon.in/Fruits-Active-Moisture-Moisturizing-Massage/dp/B00TI9CMDM/ref=sr_1_37?dchild=1&keywords=Body+Cream&qid=1624283239&sr=8-37
41,"NIVEA Body Lotion For Men & Women, Express Hydration, for Fast Absorption, 400 ml",https://www.amazon.in/Nivea-Express-Hydration-Lotion-400ml/dp/B006LX9WCM/ref=sr_1_38?dchild=1&keywords=Body+Cream&qid=1624283239&sr=8-38
42,"bare body essentials Cream to Reduce Stretch Marks, Scars, Spots, Discolouration, Tone, Nourish, Tighten, Evens out, Brightens, for all skin type - 50 gm",https://www.amazon.in/Essentials-Stretch-Discolouration-Nourish-Brightens/dp/B08HN82JBD/ref=sr_1_39?dchild=1&keywords=Body+Cream&qid=1624283239&sr=8-39
43,"Yardley London English Rose Moisturising Hand and Body Lotion for Normal Skin, 350ml (Pack of 2)",https://www.amazon.in/Yardley-London-English-Lotion-350ml/dp/B07NPKZNBM/ref=sr_1_40?dchild=1&keywords=Body+Cream&qid=1624283239&sr=8-40
44,"bare body essentials Underarm Cream, Spotless, Soft and Nourished, Enriched with Vitamin E, Evens Out Dark, for all skin types, White, Vanilla, 50 gm",https://www.amazon.in/Bare-Body-Essentials-Under-Cream/dp/B0819HY5QQ/ref=sr_1_41?dchild=1&keywords=Body+Cream&qid=1624283239&sr=8-41
45,"Dove Silky Nourishing Body Cream Silky Feeling skin, 300 ml",https://www.amazon.in/Dove-Silky-Nourishing-Cream-Feeling/dp/B01N3ZNSRH/ref=sr_1_42?dchild=1&keywords=Body+Cream&qid=1624283239&sr=8-42
46,SKIN SECRETS FRUIT FACIAL MASSAGE CREAM -800 gms,https://www.amazon.in/SECRETS-FRUIT-FACIAL-MASSAGE-CREAM/dp/B07N3TP4FL/ref=sr_1_43?dchild=1&keywords=Body+Cream&qid=1624283239&sr=8-43
47,"Himalaya Herbals Aloe and Cucumber Refreshing Body Lotion, 400ml",https://www.amazon.in/Himalaya-Herbals-Cucumber-Refreshing-Lotion/dp/B00VHSU69O/ref=sr_1_44?dchild=1&keywords=Body+Cream&qid=1624283239&sr=8-44
48,"WOW Skin Science Aloe Vera Body Lotion - Ultra Light Hydration - No Mineral Oil, Parabens, Silicones, Color & PG (300mL)",https://www.amazon.in/WOW-Lotion-Ultra-Light-Hydration/dp/B07JZ1XQQB/ref=sr_1_45?dchild=1&keywords=Body+Cream&qid=1624283239&smid=A2WK4OB3ROODF0&sr=8-45
49,"Joy Skin Fruits Fruit Moisturizing body lotion, For All Skin Types 500ml",https://www.amazon.in/Fruits-Active-Moisture-Moisturizing-Lotion/dp/B00TI9DC6I/ref=sr_1_46?dchild=1&keywords=Body+Cream&qid=1624283239&sr=8-46
50,"Plum Bodylovin' Coffee Wake-A-Ccino Non-Greasy, Silicone and Paraben-Free, Vegan, Cruelty-Free Hand Cream for All Skin Types (50 Gram)",https://www.amazon.in/Plum-Bodylovin-Non-Greasy-Paraben-Free-Cruelty-Free/dp/B08P7535FB/ref=sr_1_47?dchild=1&keywords=Body+Cream&qid=1624283239&sr=8-47
51,"NIVEA Crème, All Season Multi-Purpose Cream, 200ml",https://www.amazon.in/Nivea-Creme-200ml/dp/B00GQVESKA/ref=sr_1_48?dchild=1&keywords=Body+Cream&qid=1624283239&sr=8-48
52,"POND'S Triple Vitamin Moisturising Body Lotion, Gives 3x Moisturisation For Soft, Smooth, Radiant Skin in Winters, 300 ml",https://www.amazon.in/Ponds-Triple-Vitamin-Moisturising-Lotion/dp/B01ER404A0/ref=sr_1_49?dchild=1&keywords=Body+Cream&qid=1624283239&sr=8-49
53,"Dove Supple Bounce Body Lotion, for Soft,Bouncy,Smooth Skin,48Hrs Moisturisation, Paraben Free, with Plant based Moisturiser,Quick Absobtion,400ml",https://www.amazon.in/Dove-Supple-Bounce-Body-Lotion/dp/B08M4QGSDY/ref=sr_1_50?dchild=1&keywords=Body+Cream&qid=1624283239&sr=8-50
54,"Cipla Mamaxpert Stretch Mark Cream to Reduce Stretch Marks & Scars, 60 gm…",https://www.amazon.in/Cipla-Mamaxpert-Stretch-Cream-Reduce/dp/B08D961R52/ref=sr_1_51?dchild=1&keywords=Body+Cream&qid=1624283239&sr=8-51
55,"bare body essentials Neck Back Cream for Even toned and Smooth, Combination skin, Shea Butter, 50 gm",https://www.amazon.in/Bare-Body-Essentials-Neck-Cream/dp/B07ZZ7SSQK/ref=sr_1_52?dchild=1&keywords=Body+Cream&qid=1624283239&sr=8-52
56,"Lotus Herbals White Glow Skin Whitening and Brightening SPF-25 Hand and Body Lotion, 300ml",https://www.amazon.in/Lotus-Herbals-Whitening-Brightening-SPF-25/dp/B007E9F86Q/ref=sr_1_53?dchild=1&keywords=Body+Cream&qid=1624283239&sr=8-53
57,"VENUSIA Max Intensive Moisturizing Lotion For Everyday Use, 300 g",https://www.amazon.in/VENUSIA-Intensive-Moisturizing-Lotion-Everyday/dp/B08P8Q9M9M/ref=sr_1_54?dchild=1&keywords=Body+Cream&qid=1624283239&sr=8-54
58,"Dove Light Hydration,Refreshed skin with plant based moisturisers,Paraben Free,Non Oily,Light Weight,Quick Absorption, All Skin Type 400ml",https://www.amazon.in/Dove-Light-Hydration-Body-Lotion/dp/B08M4V76TF/ref=sr_1_55?dchild=1&keywords=Body+Cream&qid=1624283239&sr=8-55
59,"VLCC De Tan Plus White Glow Moisturising Body Lotion SPF 30 PA+++, 350ml",https://www.amazon.in/VLCC-White-Moisturising-Lotion-350ml/dp/B07CPX232F/ref=sr_1_56?dchild=1&keywords=Body+Cream&qid=1624283239&smid=AT95IG9ONZD7S&sr=8-56
60,"Lakme Peach Milk Moisturizer Body Lotion, Lightweight, Non-Sticky, Locks Moisture For 12 Hours, 120 ml",https://www.amazon.in/gp/slredirect/picassoRedirect.html/ref=pa_sp_btf_aps_sr_pg1_1?ie=UTF8&adId=A07818951EDQ9VDNQY643&url=%2FLakme-Peach-Milk-Moisturizer-Lotion%2Fdp%2FB00UFF8TEO%2Fref%3Dsr_1_57_sspa%3Fdchild%3D1%26keywords%3DBody%2BCream%26qid%3D1624283239%26sr%3D8-57-spons%26psc%3D1&qualifier=1624283239&id=8919141745039535&widgetName=sp_btf
61,"MCaffeine Naked and Rich Cocoa Butter, Caramel Deep Moisturizing All Skin Paraben and Mineral Oil-Free Choco Body Butter , 250 g",https://www.amazon.in/gp/slredirect/picassoRedirect.html/ref=pa_sp_btf_aps_sr_pg1_1?ie=UTF8&adId=A06819981YHGL15DJ1UZL&url=%2FmCaffeine-Caramel-Moisturizing-Paraben-Mineral%2Fdp%2FB07Q1GBL9K%2Fref%3Dsr_1_58_sspa%3Fdchild%3D1%26keywords%3DBody%2BCream%26qid%3D1624283239%26smid%3DA2A53F3N8CEFWW%26sr%3D8-58-spons%26psc%3D1&qualifier=1624283239&id=8919141745039535&widgetName=sp_btf
62,"Softsens Moisturizing Body Sorbet Luxurious Body Moisturizer & Hand Cream Silky Soft & Smooth Skin, 100 Gm",https://www.amazon.in/gp/slredirect/picassoRedirect.html/ref=pa_sp_btf_aps_sr_pg1_1?ie=UTF8&adId=A0417031DXNMLHYXY619&url=%2FSoftsens-Moisturizing-Body-Sorbet-Moisturizer%2Fdp%2FB08DG4NRXS%2Fref%3Dsr_1_59_sspa%3Fdchild%3D1%26keywords%3DBody%2BCream%26qid%3D1624283239%26sr%3D8-59-spons%26psc%3D1%26smid%3DA2CBP8VQS669Z8&qualifier=1624283239&id=8919141745039535&widgetName=sp_btf
63,"bare body essentials Underarm Cream, Spotless, Soft and Nourished, Enriched with Vitamin E, Evens Out Dark, for all skin types, White, Vanilla, 50 gm",https://www.amazon.in/gp/slredirect/picassoRedirect.html/ref=pa_sp_btf_aps_sr_pg1_1?ie=UTF8&adId=A00156281R2OYUJETY2LK&url=%2FBare-Body-Essentials-Under-Cream%2Fdp%2FB0819HY5QQ%2Fref%3Dsr_1_60_sspa%3Fdchild%3D1%26keywords%3DBody%2BCream%26qid%3D1624283239%26sr%3D8-60-spons%26psc%3D1&qualifier=1624283239&id=8919141745039535&widgetName=sp_btf
64,Dermafique Dermatologist Tested Intensive Restore Body Serum for Dry Skin (300 ml),https://www.amazon.in/gp/slredirect/picassoRedirect.html/ref=pa_sp_atf_next_aps_sr_pg2_1?ie=UTF8&adId=A0900504IEUR0WI9F4CN&url=%2FDermafique-Intensive-Restore-Serum-300ml%2Fdp%2FB07J9KYL4L%2Fref%3Dsr_1_49_sspa%3Fdchild%3D1%26keywords%3DBody%2BCream%26qid%3D1624283254%26sr%3D8-49-spons%26psc%3D1&qualifier=1624283254&id=3271218779141789&widgetName=sp_atf_next
65,"NIVEA Soft Light Moisturizer Cream, with Vitamin E & Jojoba Oil for Face, Hands and Body, 300 ml",https://www.amazon.in/gp/slredirect/picassoRedirect.html/ref=pa_sp_atf_next_aps_sr_pg2_1?ie=UTF8&adId=A086321328VHH52BD7G4O&url=%2FNivea-Light-Moisturising-Cream-300ml%2Fdp%2FB00E96N6O8%2Fref%3Dsr_1_50_sspa%3Fdchild%3D1%26keywords%3DBody%2BCream%26qid%3D1624283254%26sr%3D8-50-spons%26psc%3D1&qualifier=1624283254&id=3271218779141789&widgetName=sp_atf_next
66,"Plum Chamomile & White Tea Morning Dew Day Cream | Quick-absorbing Gel Cream | For Normal, Combination Skin | 100% Vegan, Cruelty Free | 45g",https://www.amazon.in/gp/slredirect/picassoRedirect.html/ref=pa_sp_atf_next_aps_sr_pg2_1?ie=UTF8&adId=A01724323L3HC7SA3A5G6&url=%2FPlum-Chamomile-Quick-absorbing-Combination-Cruelty%2Fdp%2FB08LYDJB9L%2Fref%3Dsr_1_51_sspa%3Fdchild%3D1%26keywords%3DBody%2BCream%26qid%3D1624283254%26sr%3D8-51-spons%26psc%3D1&qualifier=1624283254&id=3271218779141789&widgetName=sp_atf_next
67,"Dermafique Aqua Cloud Hydrating Crème for All Skin Types, Dermatologist Tested, Face and Body Cream (200 g)",https://www.amazon.in/gp/slredirect/picassoRedirect.html/ref=pa_sp_atf_next_aps_sr_pg2_1?ie=UTF8&adId=A05076342IIYZ2WVRBJ1U&url=%2FDermafiue-Aqua-Cloud-Hydrating-Cr%25C3%25A8me%2Fdp%2FB07LGYBL4W%2Fref%3Dsr_1_52_sspa%3Fdchild%3D1%26keywords%3DBody%2BCream%26qid%3D1624283254%26smid%3DAT95IG9ONZD7S%26sr%3D8-52-spons%26psc%3D1&qualifier=1624283254&id=3271218779141789&widgetName=sp_atf_next
68,"Rivaasa Hydrating Glow Cream with Raspberry Seed Oil & Vegan Collagen for Skin Brightening, Moisturizing & Elasticity (50g)",https://www.amazon.in/Rivaasa-Hydrating-Brightening-Moisturizing-Elasticity/dp/B093WSCGLC/ref=sr_1_53?dchild=1&keywords=Body+Cream&qid=1624283254&sr=8-53
69,"Vaseline Anti-Bacterial Hand Cream, 100 g",https://www.amazon.in/Vaseline-Anti-Bacterial-Hand-Cream-100/dp/B08KYVM2F4/ref=sr_1_54?dchild=1&keywords=Body+Cream&qid=1624283254&sr=8-54
70,DR.RASHEL Goat Milk Cream For Face & Body | Moisturizer| Whitening and Brightening | Face Cream | Body Cream | Softening and Nourishing Cream (380 ml),https://www.amazon.in/DR-RASHEL-Moisturizer-Whitening-Brightening-Nourishing/dp/B08M497R44/ref=sr_1_55?dchild=1&keywords=Body+Cream&qid=1624283254&sr=8-55
71,"Vaseline Intensive Care Cocoa Glow Body Lotion, With 100% Cocoa And Shea Butter, Restores Glow, 400 ml",https://www.amazon.in/Vaseline-Intensive-Care-Cocoa-Lotion/dp/B07W91YJSZ/ref=sr_1_56?dchild=1&fpw=pantry&keywords=Body+Cream&qid=1624283254&s=pantry&sr=8-56
72,"Azani Active Care Intimate Area Lightening Cream | Intense Dark Spot Removal | Underarm, Hip, Thigh, Intimate Area, Neck, Elbow | 2% Kojic Acid, 0.5% Glutathione & Niacinamide | Women & Men - 50gm",https://www.amazon.in/Azani-Active-Care-Glutathione-Niacinamide/dp/B092R8MTYC/ref=sr_1_57?dchild=1&keywords=Body+Cream&qid=1624283254&sr=8-57
73,"Parachute Advansed Refresh Body Lotion, 100% Natural Moisturisers, 400ml",https://www.amazon.in/Parachute-Advansed-Lotion-Cocolipid-Refresh/dp/B00CBRJAZ6/ref=sr_1_58?dchild=1&keywords=Body+Cream&qid=1624283254&sr=8-58
74,"Oriflame Love Potion Body Cream, 250g",https://www.amazon.in/Oriflame-Love-Potion-Body-Cream/dp/B00UP452SG/ref=sr_1_59?dchild=1&keywords=Body+Cream&qid=1624283254&sr=8-59
75,"NIVEA Body Lotion, Aloe Protection, with Aloe Vera, for Men & Women, 400 ml",https://www.amazon.in/Nivea-Body-Lotion-Protection-SPF15/dp/B085LZH7VZ/ref=sr_1_60?dchild=1&keywords=Body+Cream&qid=1624283254&sr=8-60
76,"NIVEA Nourishing Lotion Body Milk, 400ml and NIVEA Nourishing Lotion Body Milk, 120ml",https://www.amazon.in/Nivea-Nourish-Lotion-400ml-120ml/dp/B07NZX635H/ref=sr_1_61?dchild=1&keywords=Body+Cream&qid=1624283254&sr=8-61
77,"Himalaya Nourishing Body Lotion, 400ml",https://www.amazon.in/Himalaya-Nourishing-Body-Lotion-400ml/dp/B00KTCNKFG/ref=sr_1_62?dchild=1&keywords=Body+Cream&qid=1624283254&sr=8-62
78,The Man Company Daily Moisturising Cream With Shea Butter And Vitamin E | Hydrates & Rejuvenates | All Skin Type | 50 gm,https://www.amazon.in/Man-Company-Daily-Moisturising-butter/dp/B07JNH9W9J/ref=sr_1_63?dchild=1&keywords=Body+Cream&qid=1624283254&sr=8-63
79,Plum Bodylovin' Coffee Wake-A-Ccino Foot Cream | All Skin Types Especially Dry Feet | Non-Greasy | Cracked Heels | Silicone & Paraben Free | 100% Vegan | Cruelty-Free | 75 g,https://www.amazon.in/Plum-Bodylovin-Especially-Non-Greasy-Cruelty-Free/dp/B08P753M3H/ref=sr_1_64?dchild=1&keywords=Body+Cream&qid=1624283254&sr=8-64
80,VOLAMENA WITH DEVICE Stretch Marks & Scars Body Cream 50 ml,https://www.amazon.in/VOLAMENA-DEVICE-Stretch-Marks-Scars/dp/B0834T7N6X/ref=sr_1_65?dchild=1&keywords=Body+Cream&qid=1624283254&sr=8-65
81,"NIVEA Body Lotion for Very Dry Skin, Nourishing Body Milk with 2x Almond Oil, For Men & Women, 400 ml",https://www.amazon.in/Nivea-Nourishing-Lotion-Richly-Caring/dp/B01H76WA02/ref=sr_1_66?dchild=1&fpw=pantry&keywords=Body+Cream&qid=1624283254&s=pantry&sr=8-66
82,"""Dr.Rashel Vitamin C Day Cream BRIGHTENING & ANTI-AGING, Contains Niacinamide, Even skin tone A powerhouse antioxidant (50 gm)""",https://www.amazon.in/BRIGHTENING-ANTI-AGING-Niacinamide-powerhouse-antioxidant/dp/B096ZQVYB5/ref=sr_1_67?dchild=1&keywords=Body+Cream&qid=1624283254&sr=8-67
83,"Biotique Bio Creamy Coconut Ultra-Rich Body Lotion for Extra Dry Skin, 180ml",https://www.amazon.in/Biotique-Creamy-Coconut-Ultra-Rich-Lotion/dp/B07YWM9WMG/ref=sr_1_68?dchild=1&keywords=Body+Cream&qid=1624283254&sr=8-68
84,SKIN SECRETS FRUIT FACIAL MASSAGE CREAM -800 gms,https://www.amazon.in/gp/slredirect/picassoRedirect.html/ref=pa_sp_mtf_aps_sr_pg2_1?ie=UTF8&adId=A0107233NOS2J3HFJDTL&url=%2FSECRETS-FRUIT-FACIAL-MASSAGE-CREAM%2Fdp%2FB07N3TP4FL%2Fref%3Dsr_1_69_sspa%3Fdchild%3D1%26keywords%3DBody%2BCream%26qid%3D1624283254%26sr%3D8-69-spons%26psc%3D1&qualifier=1624283254&id=3271218779141789&widgetName=sp_mtf
85,"Pilgrim Shea & Cocoa Body Butter for Dry Itchy Skin, Stretch Marks, Deep Nourishment and Moisturising, Men and Women, Korean Beauty Secrets (Body Butter)",https://www.amazon.in/gp/slredirect/picassoRedirect.html/ref=pa_sp_mtf_aps_sr_pg2_1?ie=UTF8&adId=A02805041MNQ5CB0YPJAA&url=%2FPilgrim-Stretch-Nourishment-Moisturising-Secrets%2Fdp%2FB0836XTYPV%2Fref%3Dsr_1_70_sspa%3Fdchild%3D1%26keywords%3DBody%2BCream%26qid%3D1624283254%26sr%3D8-70-spons%26psc%3D1%26smid%3DAZ2BBRFTETV0S&qualifier=1624283254&id=3271218779141789&widgetName=sp_mtf
86,"Khadi Essentials Kumkumadi Body Butter with Saffron, Almond Milk, Shea Butter, Jojoba Oil, SLS Paraben-Free Skin Care Cream For Skin Glow (Amrut Tarangini Kumkumadi Body Butter) 100gm",https://www.amazon.in/gp/slredirect/picassoRedirect.html/ref=pa_sp_mtf_aps_sr_pg2_1?ie=UTF8&adId=A053451454687CKZWEU1&url=%2FKhadi-Essentials-Luxurious-Ayurvedic-Kumkumadi%2Fdp%2FB07WLBZ9J7%2Fref%3Dsr_1_71_sspa%3Fdchild%3D1%26keywords%3DBody%2BCream%26qid%3D1624283254%26smid%3DA99ZQGSWWCDGP%26sr%3D8-71-spons%26psc%3D1&qualifier=1624283254&id=3271218779141789&widgetName=sp_mtf
87,"Dermafique Oleo Restore Hand Serum | 50g | hydrating hand serum, Vitamin E infused, for all skin type, prevents collagen breakdown, ageless hands, dermatologist tested",https://www.amazon.in/gp/slredirect/picassoRedirect.html/ref=pa_sp_mtf_aps_sr_pg2_1?ie=UTF8&adId=A0900416140X3EJICTALO&url=%2FDermafique-Oleo-Restore-Serum-White%2Fdp%2FB07DDNQNP3%2Fref%3Dsr_1_72_sspa%3Fdchild%3D1%26keywords%3DBody%2BCream%26qid%3D1624283254%26sr%3D8-72-spons%26psc%3D1&qualifier=1624283254&id=3271218779141789&widgetName=sp_mtf
88,"Khadi Essentials Kumkumadi Body Butter with Saffron, Almond Milk, Shea Butter, Jojoba Oil, SLS Paraben-Free Skin Care Cream For Skin Glow (Amrut Tarangini Kumkumadi Body Butter) 100gm",https://www.amazon.in/Khadi-Essentials-Luxurious-Ayurvedic-Kumkumadi/dp/B07WLBZ9J7/ref=sr_1_73?dchild=1&keywords=Body+Cream&qid=1624283254&smid=A99ZQGSWWCDGP&sr=8-73
89,Aaranyaa Soft Heel Cream - 100 gm,https://www.amazon.in/aaranyaa-Aaranyaa-Soft-Heel-Cream/dp/B00FSBWP4U/ref=sr_1_74?dchild=1&keywords=Body+Cream&qid=1624283254&sr=8-74
90,"Bare Body Essentials Beach Cream 60 g, Firming, Spotless and Soft Skin, Beach Ready, Cruelty Free",https://www.amazon.in/Essentials-Beach-Firming-Spotless-Cruelty/dp/B08FGDL1KC/ref=sr_1_75?dchild=1&keywords=Body+Cream&qid=1624283254&sr=8-75
91,"Parachute Advansed Body Lotion Soft Touch, With Honey Silky Smooth Skin,100% Natural Moisturizes with pure coconut milk 400 ml",https://www.amazon.in/Parachute-Advansed-Body-Lotion-Touch/dp/B00CBRJ1SM/ref=sr_1_76?dchild=1&keywords=Body+Cream&qid=1624283254&sr=8-76
92,"Qraa Advanced Lacto Dark Underarm Whitening Cream, 50g For even toned underarms - Paraben Free",https://www.amazon.in/Qraa-Underarm-Black-Spot-Cream/dp/B07C57JJJK/ref=sr_1_77?dchild=1&keywords=Body+Cream&qid=1624283254&sr=8-77
93,"Body Code Backne Cream Formulated With Mushroom Extract, Tea Tree Oil Extract, Jojoba Oil, Musk Melon Extract, Tomato Extract, Almond Oil | Paraben free | Sulphate Free | Silicone Free - 100 g",https://www.amazon.in/Body-Code-Formulated-Mushroom-Sulphate/dp/B08WKLW8LG/ref=sr_1_78?dchild=1&keywords=Body+Cream&qid=1624283254&sr=8-78
94,"Lakme Peach Milk Moisturizer Body Lotion, Lightweight, Non-Sticky, Locks Moisture For 12 Hours, 200 ml",https://www.amazon.in/Lakme-Peach-Milk-Moisturizer-Lotion/dp/B00UFF8PZ2/ref=sr_1_79?dchild=1&keywords=Body+Cream&qid=1624283254&sr=8-79
95,"Lotus Herbals WhiteGlow Skin Whitening And Brightening Gel, Face Cream with SPF-25, for all skin types, 40g",https://www.amazon.in/Lotus-Herbals-Whiteglow-Whitening-Brightening/dp/B00RRZ9JJO/ref=sr_1_80?dchild=1&keywords=Body+Cream&qid=1624283254&sr=8-80
96,Parasoft Paraben Free Dry Skin Cream With Goodness of Aloe Vera For Women & Men | Body Moisturizer Cream For Cold & Winter - 500gm,https://www.amazon.in/Parasoft-cream-paraben-added-goodness/dp/B07PGMGVNN/ref=sr_1_81?dchild=1&keywords=Body+Cream&qid=1624283254&sr=8-81
97,"Himalaya Herbals Refreshing Body Lotion, Aloe and Cucumber, 400ml",https://www.amazon.in/Himalaya-Herbals-Refreshing-Lotion-Cucumber/dp/B01MR45J0K/ref=sr_1_82?dchild=1&fpw=pantry&keywords=Body+Cream&qid=1624283254&s=pantry&sr=8-82
98,"Cetaphil Moisturizing Lotion, 100 ml",https://www.amazon.in/Cetaphil-Moisturizing-Lotion-100ml/dp/B01ER4HR4Q/ref=sr_1_83?dchild=1&keywords=Body+Cream&qid=1624283254&sr=8-83
99,"Organic Harvest Coffee with Cocoa, Olive Oil & Aloe Vera Body Butter Cream for Women | Deep Moisturizing Cream for Dry Face & Body Skin | Sulphates & Parabens-free - 100 ml",https://www.amazon.in/Organic-Harvest-Moisturizing-Sulphates-Parabens-free/dp/B08QS4DPY1/ref=sr_1_84?dchild=1&keywords=Body+Cream&qid=1624283254&smid=AMUQ56Q1P787N&sr=8-84
100,"Parachute Advansed Body Lotion Coconut Milk Deep Nourish, 400ml",https://www.amazon.in/Parachute-Advansed-Deep-Nourish-Lotion/dp/B06XC22HF8/ref=sr_1_85?dchild=1&fpw=pantry&keywords=Body+Cream&qid=1624283254&s=pantry&sr=8-85
101,"Enchanteur Romantic Perfumed Body Lotion, 500ml, with Aloe Vera & Olive Butter for Silky Smooth Skin",https://www.amazon.in/Enchanteur-Romantic-Perfumed-Lotion-Butter/dp/B07VYKYY74/ref=sr_1_86?dchild=1&keywords=Body+Cream&qid=1624283254&sr=8-86
102,"Mylo Care Stretch Marks Cream for Pregnancy (100 ml) with the Goodness of Shea Butter, Saffron, Kokum Butter and Aloe Vera, Australia Certified Toxin Free, No Mineral Oils",https://www.amazon.in/Mylo-Care-Pregnancy-Australia-Certified/dp/B08Y8NX9M4/ref=sr_1_87?dchild=1&keywords=Body+Cream&qid=1624283254&sr=8-87
103,Ayurjeet Herbals Anti-Cellulite Shape Cream (Fat Reducer Cream) | Anti Cellulite Shape Cream | Herbal Shape Cream | Anti Cellulite | Moisturizes and Nourishes Skin | Slimming Cream | Ayurvedic and Fast Action and Result | Helps In Skin Toning | Body Firming | Reduces Stretch Marks | Body Shaper | Helps in Skin Tightening | Body Re-modelling | Body Shaper,https://www.amazon.in/Ayurjeet-Herbals-Anti-Cellulite-Shape-Cream/dp/B08L7MBRY3/ref=sr_1_88?dchild=1&keywords=Body+Cream&qid=1624283254&sr=8-88
104,Himalaya Clear Complexion Brightening Body Lotion for Normal Skin (400 ml),https://www.amazon.in/Himalaya-Clear-Complexion-Brightening-Lotion/dp/B07NV8V8QL/ref=sr_1_89?dchild=1&keywords=Body+Cream&qid=1624283254&sr=8-89
105,Lotus Herbals Phyto RX Rejuvina Herb Complex Protective Lotion | 100 ml,https://www.amazon.in/Lotus-Herbals-Professional-Herbcomplex-Protective/dp/B01AJBW3B8/ref=sr_1_90?dchild=1&keywords=Body+Cream&qid=1624283254&sr=8-90
106,Layer'r Wottagirl Pure Paradise Body Splash 135ml & Get Moisturizing Cream For All Skin Types 25g,https://www.amazon.in/Layerr-Wottagirl-Paradise-Splash-Moisturizing/dp/B08P5SX2JJ/ref=sr_1_91?dchild=1&keywords=Body+Cream&qid=1624283254&sr=8-91
107,"BODYCARE Honey Kesar Cream, 500 g",https://www.amazon.in/Body-Care-Honey-Kesar-Cream/dp/B07N822MM6/ref=sr_1_92?dchild=1&keywords=Body+Cream&qid=1624283254&sr=8-92
108,"Biotique Bio WheatGerm Youthful Nourshing Night Cream for Normal to Dry Skin, 50g",https://www.amazon.in/Biotique-Wheat-FIRMING-NIGHT-Normal/dp/B00K3TXMGC/ref=sr_1_93?dchild=1&keywords=Body+Cream&qid=1624283254&sr=8-93
109,"NIVEA Naturally Good, Natural Lavender Body Lotion, For Dry Skin, No Parabens, 98% Natural Origin Ingredients, 350 ml",https://www.amazon.in/Naturally-Natural-Lavender-Parabens-Ingredients/dp/B0937M8NTJ/ref=sr_1_94?dchild=1&keywords=Body+Cream&qid=1624283254&sr=8-94
110,"Saroj Organics skin glow and whitening cream , 50gm, for whitening, pigmentation, uneven skin tone, dark spots, tan removal, glow and brightening - for men and women",https://www.amazon.in/Organics-whitening-pigmentation-removal-brightening/dp/B09514WY7F/ref=sr_1_95?dchild=1&keywords=Body+Cream&qid=1624283254&sr=8-95
111,"Softsens Moisturizing Body Sorbet Luxurious Body Moisturizer & Hand Cream Silky Soft & Smooth Skin, 100 Gm",https://www.amazon.in/Softsens-Moisturizing-Body-Sorbet-Moisturizer/dp/B08DG4NRXS/ref=sr_1_96?dchild=1&keywords=Body+Cream&qid=1624283254&sr=8-96
112,KLM Xerolene cream - Best Body moisturizer for dry skin(pack of 2)50g,https://www.amazon.in/KLM-Xerolene-cream-Best-moisturizer/dp/B08SJ8VDCH/ref=sr_1_97?dchild=1&keywords=Body+Cream&qid=1624283254&sr=8-97
113,mCaffeine Coffee Body Toning & Polishing Kit | Nourishing; Tan Removal; Moisturization | Body Oil 100ml; Body Scrub 100g; Body Lotion 200ml | Paraben & Mineral Oil Free | Normal/Oily Skin Type,https://www.amazon.in/mCaffeine-Polishing-Nourishing-Removal-Moisturization/dp/B082FKSYHF/ref=sr_1_98?dchild=1&keywords=Body+Cream&qid=1624283254&smid=A2A53F3N8CEFWW&sr=8-98
114,"Blue Nectar Stretch Mark and Scar Body Lotion Cream with Cocoa Butter, Shea Butter and Uplifting Rose for Skin Combination (12 Herbs, 200 ml)",https://www.amazon.in/Blue-Nectar-Stretch-Lotion-Uplifting/dp/B07TCP8R66/ref=sr_1_99?dchild=1&keywords=Body+Cream&qid=1624283254&sr=8-99
115,"NIVEA Naturally Good, Natural Lavender Body Lotion, For Dry Skin, No Parabens, 98% Natural Origin Ingredients, 200 ml",https://www.amazon.in/Naturally-Natural-Lavender-Parabens-Ingredients/dp/B0937N4VW2/ref=sr_1_100?dchild=1&keywords=Body+Cream&qid=1624283254&sr=8-100
116,"Biotique Bio Coconut Whitening and Brightening Cream for All Skin Types, 50g",https://www.amazon.in/Biotique-Coconut-Whitening-Brightening-Cream/dp/B0054MS8SU/ref=sr_1_101?dchild=1&keywords=Body+Cream&qid=1624283254&sr=8-101
117,"Himalaya Herbals Anti-Wrinkle Cream, 50g",https://www.amazon.in/Himalaya-Herbals-Anti-Wrinkle-Cream/dp/B003OPTXW4/ref=sr_1_102?dchild=1&keywords=Body+Cream&qid=1624283254&sr=8-102
118,"Vaadi Herbals Foot Cream, Clove And Sandal Oil, 150G",https://www.amazon.in/Vaadi-Herbals-Cream-Clove-Sandal/dp/B076DY8SFG/ref=sr_1_103?dchild=1&keywords=Body+Cream&qid=1624283254&smid=AT95IG9ONZD7S&sr=8-103
119,"Bryan & Candy New York Strawberry Hand and Body Lotion with Shea and Aloe Vera for Smooth, Hydrated Skin (125ml)",https://www.amazon.in/Bryan-Strawberry-Lotion-Smooth-Hydrated/dp/B07JGFRRYW/ref=sr_1_104?dchild=1&keywords=Body+Cream&qid=1624283254&sr=8-104
120,EVER-C 20 Vitamin C Face Serum | Anti Ageing | Skin Whitening | Anti Ageing (15 ML X 1),https://www.amazon.in/gp/slredirect/picassoRedirect.html/ref=pa_sp_btf_aps_sr_pg2_1?ie=UTF8&adId=A01293221W69Z5ZOWLBYP&url=%2FEVER-C-Vitamin-Salvia-Ageing-Lightening%2Fdp%2FB07CSPM57T%2Fref%3Dsr_1_105_sspa%3Fdchild%3D1%26keywords%3DBody%2BCream%26qid%3D1624283254%26sr%3D8-105-spons%26psc%3D1%26smid%3DA20S1P7I8NQJ05&qualifier=1624283254&id=3271218779141789&widgetName=sp_btf
121,Bryan & Candy New York Strawberry Body Butter with Shea and Essential Oils for 24 Hour Hydration and Freedom from Dry Skin (200gm),https://www.amazon.in/gp/slredirect/picassoRedirect.html/ref=pa_sp_btf_aps_sr_pg2_1?ie=UTF8&adId=A03828892PZ0I9L5VQQZV&url=%2FStrawberry-Butter-Essential-Hydration-Freedom%2Fdp%2FB07HYYFCNH%2Fref%3Dsr_1_106_sspa%3Fdchild%3D1%26keywords%3DBody%2BCream%26qid%3D1624283254%26sr%3D8-106-spons%26psc%3D1%26smid%3DAIM6K50CRDDTG&qualifier=1624283254&id=3271218779141789&widgetName=sp_btf
122,HERBSPELLS Pomegranate Body Yogurt with Shea Butter & Hyaluronic Acid for smooth & nourished skin | 200GM,https://www.amazon.in/gp/slredirect/picassoRedirect.html/ref=pa_sp_btf_aps_sr_pg2_1?ie=UTF8&adId=A03035201H6D0OU7WDKRS&url=%2FHERBSPELLS-Pomegranate-Yogurt-Hyaluronic-nourished%2Fdp%2FB08VHC2HXP%2Fref%3Dsr_1_107_sspa%3Fdchild%3D1%26keywords%3DBody%2BCream%26qid%3D1624283254%26sr%3D8-107-spons%26psc%3D1&qualifier=1624283254&id=3271218779141789&widgetName=sp_btf
123,"L'Occitane Nourishing Almond Milk Concentrate, 200ml",https://www.amazon.in/gp/slredirect/picassoRedirect.html/ref=pa_sp_btf_aps_sr_pg2_1?ie=UTF8&adId=A08735689VVLSE98INQC&url=%2FLOccitane-Almond-Milk-Concentrate-200ml%2Fdp%2FB00LHT2GP0%2Fref%3Dsr_1_108_sspa%3Fdchild%3D1%26keywords%3DBody%2BCream%26qid%3D1624283254%26sr%3D8-108-spons%26psc%3D1&qualifier=1624283254&id=3271218779141789&widgetName=sp_btf
124,"Khadi Essentials Indian Rose Hand and Body Lotion with Milk, Shea Butter, SLS Paraben-Free Body Moisturizer for Dry skin For Skin Brightening, Nourishment- 200ml",https://www.amazon.in/gp/slredirect/picassoRedirect.html/ref=pa_sp_atf_next_aps_sr_pg3_1?ie=UTF8&adId=A05343581T5UGBK6ZAN0I&url=%2FKhadi-Essentials-Sulphates-Paraben-Free-Moisturizer%2Fdp%2FB07VBNNGHD%2Fref%3Dsr_1_97_sspa%3Fdchild%3D1%26keywords%3DBody%2BCream%26qid%3D1624283260%26smid%3DA99ZQGSWWCDGP%26sr%3D8-97-spons%26psc%3D1&qualifier=1624283260&id=4785576579720630&widgetName=sp_atf_next
125,"Bryan & Candy New York Strawberry Hand and Body Lotion with Shea and Aloe Vera for Smooth, Hydrated Skin (125ml)",https://www.amazon.in/gp/slredirect/picassoRedirect.html/ref=pa_sp_atf_next_aps_sr_pg3_1?ie=UTF8&adId=A03356061C0EVZUN30XL2&url=%2FBryan-Strawberry-Lotion-Smooth-Hydrated%2Fdp%2FB07JGFRRYW%2Fref%3Dsr_1_98_sspa%3Fdchild%3D1%26keywords%3DBody%2BCream%26qid%3D1624283260%26sr%3D8-98-spons%26psc%3D1&qualifier=1624283260&id=4785576579720630&widgetName=sp_atf_next
126,"Bryan & Candy New York Cocoa Shea Bath Tub Kit for Complete Home Spa Experience (Shower Gel, Hand & Body Lotion, Sugar Scrub, Body Polish)",https://www.amazon.in/gp/slredirect/picassoRedirect.html/ref=pa_sp_atf_next_aps_sr_pg3_1?ie=UTF8&adId=A00732542VU5GM4BFBQAI&url=%2FComplete-Experience-Shower-Lotion-Polish%2Fdp%2FB07N74S6MZ%2Fref%3Dsr_1_99_sspa%3Fdchild%3D1%26keywords%3DBody%2BCream%26qid%3D1624283260%26sr%3D8-99-spons%26psc%3D1&qualifier=1624283260&id=4785576579720630&widgetName=sp_atf_next
127,Parasoft Paraben Free Dry Skin Cream With Goodness of Aloe Vera For Women & Men | Body Moisturizer Cream For Cold & Winter - 500gm,https://www.amazon.in/gp/slredirect/picassoRedirect.html/ref=pa_sp_atf_next_aps_sr_pg3_1?ie=UTF8&adId=A0039931119KH1YIK3T5Y&url=%2FParasoft-cream-paraben-added-goodness%2Fdp%2FB07PGMGVNN%2Fref%3Dsr_1_100_sspa%3Fdchild%3D1%26keywords%3DBody%2BCream%26qid%3D1624283260%26sr%3D8-100-spons%26psc%3D1&qualifier=1624283260&id=4785576579720630&widgetName=sp_atf_next
128,"Boroplus Antiseptic Cream, 120 Ml",https://www.amazon.in/Boro-Plus-Boroplus-Antiseptic-Cream/dp/B07F7DHFS7/ref=sr_1_101?dchild=1&keywords=Body+Cream&qid=1624283260&sr=8-101
129,"Biotique Bio Saffron Dew Youthful Nourishing Day Cream For All Skin Types, 50G",https://www.amazon.in/Biotique-Saffron-Youthful-Nourishing-Cream/dp/B005MDSJRQ/ref=sr_1_102?dchild=1&keywords=Body+Cream&qid=1624283260&sr=8-102
130,"NIVEA Men Crème, Dark Spot Reduction, Non Greasy Moisturizer, Cream with UV Protect, 75 ml",https://www.amazon.in/Nivea-Dark-Spot-Reduction-Cream/dp/B0183C3F2Q/ref=sr_1_103?dchild=1&keywords=Body+Cream&qid=1624283260&sr=8-103
131,The Smart Shoppe Oriflame Optimal Body Tummy and Bust Gel for All skin type,https://www.amazon.in/Smart-Shoppe-Oriflame-Optimal-Tummy/dp/B07PNPK66L/ref=sr_1_104?dchild=1&keywords=Body+Cream&qid=1624283260&sr=8-104
132,"Auravedic Dark Spot Corrector Cream for Face and Body, Dark Spot Remover for Pigment/Skin Lightening – Brightening Natural Ingredients: Licorice,Avocado,Turmeric",https://www.amazon.in/Auravedic-Dark-Spot-Corrector/dp/B08FCDQ718/ref=sr_1_105?dchild=1&keywords=Body+Cream&qid=1624283260&smid=A3OEY3JP0PGBDE&sr=8-105
133,"Olay Natural White Light Instant Glowing Fairness Cream, 40g",https://www.amazon.in/Olay-Natural-Instant-Glowing-Fairness/dp/B00DRE6DM0/ref=sr_1_106?dchild=1&keywords=Body+Cream&qid=1624283260&sr=8-106
134,"Miniso Daily Moisturizing Body Lotion,200ML(Honey and Milk)",https://www.amazon.in/Miniso-Daily-Moisturizing-Lotion-200ML/dp/B08T67KQ9T/ref=sr_1_107?dchild=1&keywords=Body+Cream&qid=1624283260&sr=8-107
135,"Mamaearth Vitamin C Body Lotion with Vitamin C & Honey for Radiant Skin (400 ml, All Skin Types)",https://www.amazon.in/Mamaearth-Vitamin-Lotion-Honey-Radiant/dp/B08JPWRZVS/ref=sr_1_108?dchild=1&keywords=Body+Cream&qid=1624283260&smid=A61C6NUFGVGS7&sr=8-108
136,"Organic Harvest Vitamin A Day Cream with Broccoli & Aloe Vera Ideal for Dry Skin, Anti-Ageing, Reduces Wrinkles, for Women & Girls, 100% Organic, Paraben & Sulphate Free – 50gm",https://www.amazon.in/Organic-Harvest-Broccoli-Anti-Ageing-Wrinkles/dp/B096BC8W99/ref=sr_1_109?dchild=1&keywords=Body+Cream&qid=1624283260&sr=8-109
137,"Enchanteur Cocoa Sensuelle Perfumed Body Lotion, 250ml, with Cocoa Butter & Argan Oil for Intense Moisture",https://www.amazon.in/Enchanteur-Intense-Moisture-Lotion-Sensuelle/dp/B07M67HNGR/ref=sr_1_110?dchild=1&keywords=Body+Cream&qid=1624283260&smid=AT95IG9ONZD7S&sr=8-110
138,"Bodywise 1% Retinol Anti Aging Cream | 2x Faster Reduction in Fine lines and wrinkles | 3% Niacinamide, 1% Almond Oil | SLS, Paraben & Sulphate Free | 50g",https://www.amazon.in/Bodywise-Reduction-wrinkles-Niacinamide-Sulphate/dp/B0924G1DG7/ref=sr_1_111?dchild=1&keywords=Body+Cream&qid=1624283260&sr=8-111
139,"USTRAA De-Tan Cream for Men - 50g - For Men - Tan removal and Even Skin tone, WITHOUT BLEACH, No sulphate, No Paraben, Prevents Dark Spots, With Japanese Yuzu and Liquorice",https://www.amazon.in/Ustraa-Tan-Cream-Men-50/dp/B07QKVZFGM/ref=sr_1_112?dchild=1&keywords=Body+Cream&qid=1624283260&smid=A1YTBN9A76TAKA&sr=8-112
140,"Dove Silky Nourishment Body Cream, 300ml",https://www.amazon.in/Dove-Silky-Nourishment-Cream-300ml/dp/B00SL41E3Y/ref=sr_1_113?dchild=1&keywords=Body+Cream&qid=1624283260&sr=8-113
141,NMFe Urea Cream 150 gm,https://www.amazon.in/NMFe-Urea-Cream-150-gm/dp/B08L3HNG48/ref=sr_1_114?dchild=1&keywords=Body+Cream&qid=1624283260&sr=8-114
142,"Mamaearth Bye Bye Blemishes Face Cream, For Pigmentation & Blemish Removal, With Mulberry Extract & Vitamin C - 30ml",https://www.amazon.in/Mamaearth-Blemishes-Pigmentation-Blemish-Mulberry/dp/B07Y4ZGYL9/ref=sr_1_115?dchild=1&keywords=Body+Cream&qid=1624283260&smid=A61C6NUFGVGS7&sr=8-115
143,"NIVEA Soft, Aloe Moisturising Cream, All Skin Types, 200ml",https://www.amazon.in/Nivea-Aloe-Moisturizing-Cr%C3%A8me-200ml/dp/B012NP8Z2E/ref=sr_1_116?dchild=1&keywords=Body+Cream&qid=1624283260&sr=8-116
144,Body Bloom Natural Nourishing Hand Cream With Lavender - 50 GM,https://www.amazon.in/gp/slredirect/picassoRedirect.html/ref=pa_sp_mtf_aps_sr_pg3_1?ie=UTF8&adId=A0800656N4F91KCK3EQC&url=%2FBody-Bloom-Natural-Nourishing-Lavender%2Fdp%2FB08S49KT9L%2Fref%3Dsr_1_117_sspa%3Fdchild%3D1%26keywords%3DBody%2BCream%26qid%3D1624283260%26sr%3D8-117-spons%26psc%3D1&qualifier=1624283260&id=4785576579720630&widgetName=sp_mtf
145,"DÈAUX®INTENSE Intimate & Underarms & Inner Thighs Cream for Whiting, Glowing, Removed Black Dark Spots and Detaining with Organic Hydration 50gm (Luxurious Collection)",https://www.amazon.in/gp/slredirect/picassoRedirect.html/ref=pa_sp_mtf_aps_sr_pg3_1?ie=UTF8&adId=A10438409OXKAK7WUGO3&url=%2FD%25C3%2588AUX%25C2%25AEINTENSE-Underarms-Detaining-Hydration-Collection%2Fdp%2FB08R5PL28J%2Fref%3Dsr_1_118_sspa%3Fdchild%3D1%26keywords%3DBody%2BCream%26qid%3D1624283260%26sr%3D8-118-spons%26psc%3D1&qualifier=1624283260&id=4785576579720630&widgetName=sp_mtf
146,"Body Bloom Natural Brightening Cream With Sandalwood - 50 GM | Visible Result, Brighten Skin | Anti Aging | Anti Wrinkle | Dark Circles | Anti Acne | All In One",https://www.amazon.in/gp/slredirect/picassoRedirect.html/ref=pa_sp_mtf_aps_sr_pg3_1?ie=UTF8&adId=A08007802QI7VZHPYAHSG&url=%2FBody-Bloom-Natural-Brightening-Sandalwood%2Fdp%2FB08S48FK6J%2Fref%3Dsr_1_119_sspa%3Fdchild%3D1%26keywords%3DBody%2BCream%26qid%3D1624283260%26sr%3D8-119-spons%26psc%3D1&qualifier=1624283260&id=4785576579720630&widgetName=sp_mtf
147,"Plum Bodylovin' Drivin' Me Cherry Body Butter - Deep Moisturization, Dry To Very Dry Skin, Fruity, Vegan, Paraben, Silicone and Mineral Oil-Free, 200 gram",https://www.amazon.in/gp/slredirect/picassoRedirect.html/ref=pa_sp_mtf_aps_sr_pg3_1?ie=UTF8&adId=A0125777DMXT45ZK5VQ9&url=%2FPlum-Bodylovin-Drivin-Cherry-Butter%2Fdp%2FB08P7BDJRB%2Fref%3Dsr_1_120_sspa%3Fdchild%3D1%26keywords%3DBody%2BCream%26qid%3D1624283260%26sr%3D8-120-spons%26psc%3D1&qualifier=1624283260&id=4785576579720630&widgetName=sp_mtf
148,"Biotique Bio White Orchid Skin Whitening Body Lotion, (180ml, Normal Skin)",https://www.amazon.in/Biotique-White-Orchid-Whitening-Lotion/dp/B07YWNQPY7/ref=sr_1_121?dchild=1&keywords=Body+Cream&qid=1624283260&sr=8-121
149,Oriflame Sweden Optimals Body tummy and bust gel (125 ml),https://www.amazon.in/Oriflame-Sweden-Optimals-Body-tummy/dp/B08JYJ18JZ/ref=sr_1_122?dchild=1&keywords=Body+Cream&qid=1624283260&sr=8-122
150,"Garnier Skin Naturals BB Cream, 30g",https://www.amazon.in/Garnier-Naturals-Instantly-Perfect-Perfector/dp/B007923JOG/ref=sr_1_123?dchild=1&keywords=Body+Cream&qid=1624283260&sr=8-123
151,"BioCare Face and Body Cream, Chocolate, 500ml",https://www.amazon.in/BioCare-Face-Cream-Chocolate-500ml/dp/B00I9QNQ80/ref=sr_1_124?dchild=1&keywords=Body+Cream&qid=1624283260&sr=8-124
152,"MCaffeine Naked and Rich Cocoa Butter, Caramel Deep Moisturizing All Skin Paraben and Mineral Oil-Free Choco Body Butter , 250 g",https://www.amazon.in/mCaffeine-Caramel-Moisturizing-Paraben-Mineral/dp/B07Q1GBL9K/ref=sr_1_125?dchild=1&keywords=Body+Cream&qid=1624283260&smid=A2A53F3N8CEFWW&sr=8-125
153,Global PharmaHerb Care Daily Moisturizer Melacare Soft Body Lotion for All Skin Types (100 Ml),https://www.amazon.in/Global-PharmaHerb-Care-Moisturizer-Melacare/dp/B07L3VL7SW/ref=sr_1_126?dchild=1&keywords=Body+Cream&qid=1624283260&sr=8-126
154,"Himalaya Rich Cocoa Butter Body Cream, 200ml",https://www.amazon.in/Himalaya-Cocoa-Butter-Cream-200ml/dp/B07VJTS2Y4/ref=sr_1_127?dchild=1&fpw=pantry&keywords=Body+Cream&qid=1624283260&s=pantry&sr=8-127
155,"Biotique Bio Creamy Coconut Ultra Rich Body Lotion for Extra Dry Skin, 75ml",https://www.amazon.in/Biotique-Creamy-Coconut-Ultra-Rich-Lotion/dp/B07YWN34QV/ref=sr_1_128?dchild=1&keywords=Body+Cream&qid=1624283260&sr=8-128
156,"Bath & Body Works DAHLIA Ultra Shea Body Cream, 8 oz / 226g",https://www.amazon.in/Bath-Body-Works-DAHLIA-Ultra/dp/B0946M5H8N/ref=sr_1_129?dchild=1&keywords=Body+Cream&qid=1624283260&sr=8-129
157,Oriflame loving care Multi purpose cream with natural almond milk 150 ml,https://www.amazon.in/Oriflame-loving-purpose-natural-almond/dp/B08PL2SVLF/ref=sr_1_130?dchild=1&keywords=Body+Cream&qid=1624283260&sr=8-130
158,Greencure Scaroff-Anti Scar Cream Premium Ayurvedic Herbal Cream|German Design (15 Gm),https://www.amazon.in/GreenCure-Scaroff-Premium-Ayurvedic-Antiscar/dp/B07MKKPS4L/ref=sr_1_131?dchild=1&keywords=Body+Cream&qid=1624283260&smid=A2UCFCAZ1V7BCQ&sr=8-131
159,"Olay Day Cream Natural White Fairness Moisturiser SPF 24, 50g",https://www.amazon.in/Olay-Natural-White-Glowing-Fairness/dp/B00ENZTAEK/ref=sr_1_132?dchild=1&keywords=Body+Cream&qid=1624283260&sr=8-132
160,"GemBlue Biocare Coco Butter Cream, 500ml",https://www.amazon.in/Biocare-Coco-Butter-Cream-500ml/dp/B00I9QNSV0/ref=sr_1_133?dchild=1&keywords=Body+Cream&qid=1624283260&sr=8-133
161,"L'Oreal Paris Skin Perfect 20+ Anti-Imperfections + Whitening Cream, 50g",https://www.amazon.in/LOreal-Paris-Perfect-Anti-Imperfections-Cream/dp/B00S4R0MGI/ref=sr_1_134?dchild=1&keywords=Body+Cream&qid=1624283260&sr=8-134
162,"The Body Care Aloevera Cream, 500 g",https://www.amazon.in/Body-Care-Aloevera-Cream-500/dp/B07N7XHZBJ/ref=sr_1_135?dchild=1&keywords=Body+Cream&qid=1624283260&sr=8-135
163,"Vaseline Intensive Care Deep Moisture Body Lotion, 600 ml",https://www.amazon.in/Vaseline-Intensive-Care-Moisture-Lotion/dp/B08MWBGBDH/ref=sr_1_136?dchild=1&fpw=pantry&keywords=Body+Cream&qid=1624283260&s=pantry&sr=8-136
164,Dove Body Silk Moisturising Cream 300Ml,https://www.amazon.in/Dove-Body-Moisturising-Cream-300Ml/dp/B0027SXCOY/ref=sr_1_137?dchild=1&keywords=Body+Cream&qid=1624283260&sr=8-137
165,"Enchanteur Romantic Perfumed Body Lotion, 250ml, with Aloe Vera & Olive Butter for Satin Smooth Skin",https://www.amazon.in/Enchanteur-Perfumed-Lotion-Moisture-Romantic/dp/B00MUKQ1ME/ref=sr_1_138?dchild=1&keywords=Body+Cream&qid=1624283260&sr=8-138
166,Vigini 100% Natural Actives Breast Bust Body Gel Cream for Women No Added Color or Fragrance Non Itching Non Staining Unlike Oil Serum 100 gm,https://www.amazon.in/Vigini-Natural-Actives-Fragrance-Staining/dp/B08MCHGQ3V/ref=sr_1_139?dchild=1&keywords=Body+Cream&qid=1624283260&sr=8-139
167,"L'Oreal Paris Skin Perfect 30+ Anti-Fine Lines Cream, 50g",https://www.amazon.in/LOreal-Paris-Perfect-Anti-Fine-Lines/dp/B00S4R0PSS/ref=sr_1_140?dchild=1&keywords=Body+Cream&qid=1624283260&sr=8-140
168,"The Body Shop Ultra Fine Bath Lily, Cream",https://www.amazon.in/Body-Shop-Ultra-Fine-Cream/dp/B0015X8UWQ/ref=sr_1_141?dchild=1&keywords=Body+Cream&qid=1624283260&sr=8-141
169,"Joy Honey & Almonds Nourishing Skin Cream, For Normal to dry skin 200 ml",https://www.amazon.in/Honey-Almonds-Nourishing-Cream-200ml/dp/B07LFS364K/ref=sr_1_142?dchild=1&keywords=Body+Cream&qid=1624283260&sr=8-142
170,DERMATOUCH Bye Bye Acne Scars & Marks Cream || acne spots and scars corector || Formulated Specially to Address Scars & Marks || Gives Even Skin Tone || Suitable For All Skin Types - 30G,https://www.amazon.in/DERMATOUCH-corector-Formulated-Specially-Suitable/dp/B093PDZT3H/ref=sr_1_143?dchild=1&keywords=Body+Cream&qid=1624283260&sr=8-143
171,"Panchvati Herbals Anti Cellulite Shape Cream 100 g, Specially Meant for Stomach, Hips, Thighs & Arms",https://www.amazon.in/Panchvati-Herbals-Cellulite-Specially-Stomach/dp/B08WWLJK67/ref=sr_1_144?dchild=1&keywords=Body+Cream&qid=1624283260&sr=8-144
172,"The Man Company Skin Radiance Cream | Multani Mitti, Coco Butter, Hyaluronic Acid | Reduce Acne & Blackheads | 50gm",https://www.amazon.in/Man-Company-Radiance-Hyaluronic-Blackheads/dp/B08XZ2JCW3/ref=sr_1_145?dchild=1&keywords=Body+Cream&qid=1624283260&sr=8-145
173,"NIVEA Men Moisturiser, Oil Control Cream, 50ml",https://www.amazon.in/Nivea-Men-Control-Moisturiser-50ml/dp/B00791D1CC/ref=sr_1_146?dchild=1&keywords=Body+Cream&qid=1624283260&sr=8-146
174,"NIVEA Naturally Good, Natural Avocado Body Lotion, For Normal to Dry Skin, No Parabens, 98% Natural Origin Ingredients, 200 ml",https://www.amazon.in/Naturally-Natural-Avocado-Parabens-Ingredients/dp/B0937NBVHD/ref=sr_1_147?dchild=1&keywords=Body+Cream&qid=1624283260&sr=8-147
175,Garnier 250ml Body Cocoon Intense Moisturizing Lotion and 18g Winter Cocoon Nourishing Cold Cream for Normal Skin,https://www.amazon.in/Garnier-Cocoon-Intense-Moisturising-Nourishing/dp/B07WL4PW2Y/ref=sr_1_148?dchild=1&keywords=Body+Cream&qid=1624283260&sr=8-148
176,Oriflame Milk and Honey Gold Nourishing Hand and Body Face Moisturizer and Day Cream - Organically Sourced Extracts 250ml-31602,https://www.amazon.in/Oriflame-Honey-Nourishing-Moisturizer-Cream/dp/B092V9VT37/ref=sr_1_149?dchild=1&keywords=Body+Cream&qid=1624283260&sr=8-149
177,CERASOFT MOISTURISING CREAM 150GM,https://www.amazon.in/Generic-CERASOFT-MOISTURISING-CREAM-150GM/dp/B093153Q1K/ref=sr_1_150?dchild=1&keywords=Body+Cream&qid=1624283260&sr=8-150
178,"POND'S Age Miracle Wrinkle Corrector (Anti-Wrinkle) Spf 18 Pa++ Anti Aging Day Cream, 50 g",https://www.amazon.in/Ponds-Miracle-Wrinkle-Corrector-Cream/dp/B077NDKG7D/ref=sr_1_151?dchild=1&keywords=Body+Cream&qid=1624283260&sr=8-151
179,"Olay Day Cream Total Effects 7 in 1, Anti-Ageing SPF 15, 50g",https://www.amazon.in/Olay-Total-Effects-Normal-renewal/dp/B00ENZT4M8/ref=sr_1_152?dchild=1&keywords=Body+Cream&qid=1624283260&sr=8-152
180,mCaffeine Summer Body Kit,https://www.amazon.in/gp/slredirect/picassoRedirect.html/ref=pa_sp_btf_aps_sr_pg3_1?ie=UTF8&adId=A05499658EKCR5X01DFJ&url=%2FMCaffeine-mCaffeine-Summer-Body-Kit%2Fdp%2FB092DDJDFD%2Fref%3Dsr_1_153_sspa%3Fdchild%3D1%26keywords%3DBody%2BCream%26qid%3D1624283260%26smid%3DA2A53F3N8CEFWW%26sr%3D8-153-spons%26psc%3D1&qualifier=1624283260&id=4785576579720630&widgetName=sp_btf
181,"Dermafique Aquasurge Body Serum for Normal Skin, Dermatologist Tested (300ml) And Dermafique Absolute Detox Facial Cleanser for Normal To Dry Skin, Dermatologist Tested, Soap Free (100 ml)",https://www.amazon.in/gp/slredirect/picassoRedirect.html/ref=pa_sp_btf_aps_sr_pg3_1?ie=UTF8&adId=A0900104292P14DYI37U&url=%2FDermafique-Aquasurge-Absolute-Facial-Cleanser%2Fdp%2FB07SN3CBNL%2Fref%3Dsr_1_154_sspa%3Fdchild%3D1%26keywords%3DBody%2BCream%26qid%3D1624283260%26sr%3D8-154-spons%26psc%3D1&qualifier=1624283260&id=4785576579720630&widgetName=sp_btf
182,"Plum Grape Seed & Sea Buckthorn Nurturance Night Cream | For Normal, Combination, Dry Skin | Overnight Hydration | Vitamin-E | 100% Vegan | Paraben Free | 50ml",https://www.amazon.in/gp/slredirect/picassoRedirect.html/ref=pa_sp_btf_aps_sr_pg3_1?ie=UTF8&adId=A0173112PX6BIL4RTBWY&url=%2FPlum-Grape-Buckthorn-Nurturance-Night%2Fdp%2FB00OCJ6ZKO%2Fref%3Dsr_1_155_sspa%3Fdchild%3D1%26keywords%3DBody%2BCream%26qid%3D1624283260%26sr%3D8-155-spons%26psc%3D1&qualifier=1624283260&id=4785576579720630&widgetName=sp_btf
183,"Aveeno Soothing and Calming Body Wash, Transparent, 354 ml",https://www.amazon.in/gp/slredirect/picassoRedirect.html/ref=pa_sp_btf_aps_sr_pg3_1?ie=UTF8&adId=A0375396QRH367GVXK3&url=%2FAveeno-Soothing-Calming-Body-Transparent%2Fdp%2FB00AMNDZZ2%2Fref%3Dsr_1_156_sspa%3Fdchild%3D1%26keywords%3DBody%2BCream%26qid%3D1624283260%26sr%3D8-156-spons%26psc%3D1&qualifier=1624283260&id=4785576579720630&widgetName=sp_btf
184,Bryan & Candy New York's Cocoa Shea Body Butter with Natural Organic Shea Butter and Cocoa Seed Butter (200gm),https://www.amazon.in/gp/slredirect/picassoRedirect.html/ref=pa_sp_atf_next_aps_sr_pg4_1?ie=UTF8&adId=A0383201R3PCDHDBZLE&url=%2FBryan-Candy-Butter-Natural-Organic%2Fdp%2FB07NK8ZCHF%2Fref%3Dsr_1_145_sspa%3Fdchild%3D1%26keywords%3DBody%2BCream%26qid%3D1624283267%26sr%3D8-145-spons%26psc%3D1&qualifier=1624283267&id=7222822484568851&widgetName=sp_atf_next
185,"Bryan & Candy New York Basil & Lime Hand and Body Lotion with Shea and Aloe Vera for Smooth, Moisturized Skin (125ml)",https://www.amazon.in/gp/slredirect/picassoRedirect.html/ref=pa_sp_atf_next_aps_sr_pg4_1?ie=UTF8&adId=A03277502MZ3P5Q034P41&url=%2FBryan-Candy-Lotion-Smooth-Moisturized%2Fdp%2FB07N75S64D%2Fref%3Dsr_1_146_sspa%3Fdchild%3D1%26keywords%3DBody%2BCream%26qid%3D1624283267%26sr%3D8-146-spons%26psc%3D1&qualifier=1624283267&id=7222822484568851&widgetName=sp_atf_next
186,"Bryan & Candy New York Orange and Mandarin Hand and Body Lotion with Shea and Aloe Vera for Smooth, Hydrated Skin (125ml)",https://www.amazon.in/gp/slredirect/picassoRedirect.html/ref=pa_sp_atf_next_aps_sr_pg4_1?ie=UTF8&adId=A03356301BYA1ZICSCI50&url=%2FOrange-Mandarin-Lotion-Smooth-Hydrated%2Fdp%2FB07JGRGCL5%2Fref%3Dsr_1_147_sspa%3Fdchild%3D1%26keywords%3DBody%2BCream%26qid%3D1624283267%26sr%3D8-147-spons%26psc%3D1&qualifier=1624283267&id=7222822484568851&widgetName=sp_atf_next
187,GUBB USA Body Scrub Bath Exfoliating Brush with Long Handle (Red),https://www.amazon.in/gp/slredirect/picassoRedirect.html/ref=pa_sp_atf_next_aps_sr_pg4_1?ie=UTF8&adId=A00851311AVHD5BTVY721&url=%2FGUBB-Exfoliating-Brush-Handle-Scrub%2Fdp%2FB07GF6Z4Z4%2Fref%3Dsr_1_148_sspa%3Fdchild%3D1%26keywords%3DBody%2BCream%26qid%3D1624283267%26sr%3D8-148-spons%26psc%3D1&qualifier=1624283267&id=7222822484568851&widgetName=sp_atf_next
188,"Dove Cooling Gel Crème (Cream), 48 Hrs Long Lasting Hydration, Lightweight, Oil Free Moisturizer For Smooth Skin, Paraben Free, 245 g",https://www.amazon.in/Dove-Cooling-Hydration-Lightweight-Moisturizer/dp/B08Z4BZV2B/ref=sr_1_149?dchild=1&keywords=Body+Cream&qid=1624283267&sr=8-149
189,Oriflame Milk And Honey Gold Nourishing Hand And Body Cream 250Ml,https://www.amazon.in/Oriflame-Honey-Nourishing-Cream-250Ml/dp/B06Y2GR1TC/ref=sr_1_150?dchild=1&keywords=Body+Cream&qid=1624283267&sr=8-150
190,"Santoor Perfumed Body Lotion for Whitening & UV Protection with Sandalwood & Sakura Extracts, 250ml (Buy 1 Get 1)",https://www.amazon.in/Santoor-Lotion-Whitening-Protection-250ml/dp/B07HH315YD/ref=sr_1_151?dchild=1&keywords=Body+Cream&qid=1624283267&sr=8-151
191,"Biotique Bio Winter Green Spot Correcting Anti Acne Cream, 15g",https://www.amazon.in/Biotique-Winter-Green-Correcting-Cream/dp/B00791CUOW/ref=sr_1_152?dchild=1&keywords=Body+Cream&qid=1624283267&sr=8-152
192,"Bath & Body Works A Thousand Wishes Ultra Shea Body Cream, 226 g",https://www.amazon.in/Bath-Body-Works-Thousand-Wishes/dp/B089B62JRH/ref=sr_1_153?dchild=1&keywords=Body+Cream&qid=1624283267&sr=8-153
193,"Joy Pure Aloe | Multi-Benefit Aloe Vera Body Lotion | Soothes, hydrates & freshens | Natural Skin Moisturizer for Body | For Normal to oily skin | 300 ml",https://www.amazon.in/Pure-Multi-Benefit-Lotion-300ml/dp/B07LFWTS6T/ref=sr_1_154?dchild=1&keywords=Body+Cream&qid=1624283267&sr=8-154
194,Oriflame Possess Perfumed Body Cream 250ml,https://www.amazon.in/Oriflame-Possess-Perfumed-Body-Cream/dp/B074676ZYP/ref=sr_1_155?dchild=1&keywords=Body+Cream&qid=1624283267&sr=8-155
195,"NIVEA Body Lotion, Aloe Hydration, with Aloe Vera, for Men & Women, 400 ml",https://www.amazon.in/Nivea-Aloe-Hydration-Lotion-400ml/dp/B07B28KQFB/ref=sr_1_156?dchild=1&keywords=Body+Cream&qid=1624283267&sr=8-156
196,"Enchanteur Romantic Perfumed Body Lotion, 250ml, with Aloe Vera & Olive Butter for Satin Smooth Skin",https://www.amazon.in/Enchanteur-Body-Lotion-Romantic-Bottle/dp/B01MTSAGGV/ref=sr_1_157?dchild=1&keywords=Body+Cream&qid=1624283267&sr=8-157
197,"NIVEA Body Lotion, Express Hydration, For Normal Skin, 400 ml & NIVEA Soft, Light Moisturising Cream, 100ml",https://www.amazon.in/Lotion-Express-Hydration-Normal-Moisturising/dp/B08LGZQ2M9/ref=sr_1_158?dchild=1&keywords=Body+Cream&qid=1624283267&sr=8-158
198,"Cetaphil DAM, 100g",https://www.amazon.in/Cetaphil-DAM-100g/dp/B01HMLAYOG/ref=sr_1_159?dchild=1&keywords=Body+Cream&qid=1624283267&sr=8-159
199,"Scentio Hokkaido Intensive Milk Rich Body Lotion, For Normal to Dry Skin (Made In Thailand)",https://www.amazon.in/Scentio-Hokkaido-Moisture-Lotion-Thailand/dp/B07V2HM13Y/ref=sr_1_160?dchild=1&keywords=Body+Cream&qid=1624283267&sr=8-160
200,"Kozicare Skin Lightening Cream with Kojic Acid, Arbutin, Glutathione | All Types Hyper Pigmented Skin, Remove Spots- 15g",https://www.amazon.in/West-Coast-KOZICARE-Whitening-Cream/dp/B017HH9PMM/ref=sr_1_161?dchild=1&keywords=Body+Cream&qid=1624283267&sr=8-161
201,"The Body Shop Vitamin E Moisture Cream, 50ml",https://www.amazon.in/Body-Shop-Vitamin-Moisture-Cream/dp/B074MFPP5X/ref=sr_1_162?dchild=1&keywords=Body+Cream&qid=1624283267&sr=8-162
202,"WOW Coconut Milk and Argan Oil Body Lotion for Skin combination, Medium Hydration - No Mineral Oil, Parabens, Silicones, Color and Pg - 300ml",https://www.amazon.in/WOW-Coconut-Lotion-Medium-Hydration/dp/B07JV8DG5J/ref=sr_1_163?dchild=1&keywords=Body+Cream&qid=1624283267&smid=AT95IG9ONZD7S&sr=8-163
203,"Joy Pure Aloe Multi Benefit Aloe Vera Moisturisers Skin Cream, For Normal to Oily Skin 200 ml",https://www.amazon.in/Pure-Aloe-Purpose-Cream-200ml/dp/B00TI9CU5W/ref=sr_1_164?dchild=1&keywords=Body+Cream&qid=1624283267&sr=8-164
204,"Cipla Mamaxpert Stretch Mark Cream to Reduce Stretch Marks & Scars, 60 gm…",https://www.amazon.in/gp/slredirect/picassoRedirect.html/ref=pa_sp_mtf_aps_sr_pg4_1?ie=UTF8&adId=A0653047TZGXF2BGAHAM&url=%2FCipla-Mamaxpert-Stretch-Cream-Reduce%2Fdp%2FB08D961R52%2Fref%3Dsr_1_165_sspa%3Fdchild%3D1%26keywords%3DBody%2BCream%26qid%3D1624283267%26sr%3D8-165-spons%26psc%3D1&qualifier=1624283267&id=7222822484568851&widgetName=sp_mtf
205,"Forest Essentials Date and Litchi Eternal Youth Formula Cream, 1 oz",https://www.amazon.in/gp/slredirect/picassoRedirect.html/ref=pa_sp_mtf_aps_sr_pg4_1?ie=UTF8&adId=A087988623OLJC83BOQ49&url=%2FForest-Essentials-Litchi-Eternal-Formula%2Fdp%2FB07D84H15V%2Fref%3Dsr_1_166_sspa%3Fdchild%3D1%26keywords%3DBody%2BCream%26qid%3D1624283267%26sr%3D8-166-spons%26psc%3D1&qualifier=1624283267&id=7222822484568851&widgetName=sp_mtf
206,"IHA Papaya Panache Face Massage Cream - Herbal Fruit Massage Cream for Facial, Hydrating, Tan Removal and Depigmentation for Glowing Skin - Skin Moisturising Face Cream, 500G",https://www.amazon.in/gp/slredirect/picassoRedirect.html/ref=pa_sp_mtf_aps_sr_pg4_1?ie=UTF8&adId=A06365455HAKF2CPXMYX&url=%2FIHA-Papaya-Panache-Facial-Massage%2Fdp%2FB08B8L1MK7%2Fref%3Dsr_1_167_sspa%3Fdchild%3D1%26keywords%3DBody%2BCream%26qid%3D1624283267%26sr%3D8-167-spons%26psc%3D1&qualifier=1624283267&id=7222822484568851&widgetName=sp_mtf
207,Dermafique Dermatologist Tested Aquasurge Body Serum for Normal Skin (300ml),https://www.amazon.in/gp/slredirect/picassoRedirect.html/ref=pa_sp_mtf_aps_sr_pg4_1?ie=UTF8&adId=A090060428YDEYFPQU97X&url=%2FDermafique-Aquasurge-Body-Serum-300ml%2Fdp%2FB07J5M37TV%2Fref%3Dsr_1_168_sspa%3Fdchild%3D1%26keywords%3DBody%2BCream%26qid%3D1624283267%26sr%3D8-168-spons%26psc%3D1&qualifier=1624283267&id=7222822484568851&widgetName=sp_mtf
208,Olivia Professional Herbal All PurPose Massage Cream with Aloe vera 800g,https://www.amazon.in/Olivia-Professional-PurPose-Massage-Cream/dp/B08411D1NV/ref=sr_1_169?dchild=1&keywords=Body+Cream&qid=1624283267&sr=8-169
209,Luxura Sciences African Raw Shea Butter Unrefined Organic Ivory for Skin and Body.(200 Gms) Body Mositurizer|| Anti-ageing|| Stretch Marks||SunScreen||Lip Cream.,https://www.amazon.in/Luxura-Sciences-Unrefined-Mositurizer-Anti-ageing/dp/B07T1JH19Q/ref=sr_1_170?dchild=1&keywords=Body+Cream&qid=1624283267&smid=A1IBEZUH8S7FLC&sr=8-170
210,"Bare Body Essentials Inner Thigh Firming Gel, Moisturizes, Tones, Firms, Anticellulite, With Activated Beads 30gm",https://www.amazon.in/Essentials-Firming-Moisturizes-Anticellulite-Activated/dp/B08Z4FMP8F/ref=sr_1_171?dchild=1&keywords=Body+Cream&qid=1624283267&sr=8-171
211,"Jovees Herbal Anti Blemish Pigmentation Face Cream, 60 gms | All Skin Types | Paraben & Alcohol Free | Improves Skin Clarity & Reduces Discoloration",https://www.amazon.in/Blemish-Pigmentation-Paraben-Improves-Discoloration/dp/B097DDGPNS/ref=sr_1_172?dchild=1&keywords=Body+Cream&qid=1624283267&sr=8-172
212,Mamaearth Anti-Pollution Daily Face Cream for Dry & Oily Skin with Turmeric & Pollustop® For a Bright Glowing Skin 80ml,https://www.amazon.in/Mamaearth-Anti-Pollution-Turmeric-Pollustop%C2%AE-Glowing/dp/B07YSLSNFM/ref=sr_1_173?dchild=1&keywords=Body+Cream&qid=1624283267&smid=A61C6NUFGVGS7&sr=8-173
213,"Yardley London - English Rose + English Lavender Hand & Body Lotion for Women, (350ml+350ml)",https://www.amazon.in/Yardley-London-English-Lavender-Lotion/dp/B07MBTJ5P3/ref=sr_1_174?dchild=1&keywords=Body+Cream&qid=1624283267&sr=8-174
214,YANA BEAUTY CREAM WITH KOREAN TECHNOLOGY / FULL BODY WHITENING CREAM FOR MEN DRY SKIN,https://www.amazon.in/BEAUTY-CREAM-KOREAN-TECHNOLOGY-WHITENING/dp/B09491LBQ6/ref=sr_1_175?dchild=1&keywords=Body+Cream&qid=1624283267&sr=8-175
215,"Lakme Peach Milk Soft Creme Moisturizer, Lightweight Face Cream, Non Sticky, Locks Moisture For 24 Hours For Soft And Glowing Skin, 150 g",https://www.amazon.in/Lakm%C3%A9-Peach-Milk-Soft-cr%C3%A8me/dp/B07JBT7ZTT/ref=sr_1_176?dchild=1&keywords=Body+Cream&qid=1624283267&sr=8-176
216,"Owlpure 100% Natural, Organic & Handmade Men's Fairness Whitening Cream For Face, Skin & Body (50 Gms)",https://www.amazon.in/Owlpure-Natural-Hand-Whitening-Cream/dp/B07PJZL7HD/ref=sr_1_177?dchild=1&keywords=Body+Cream&qid=1624283267&sr=8-177
217,The EnQ Kumkumadi Radiance Night Cream 100gm || Reduces Acne || Reduces Skin Pigmentation || Reduces Dark Spots || All Skin Type,https://www.amazon.in/EnQ-Kumkumadi-Radiance-Reduces-Pigmentation/dp/B0979957BV/ref=sr_1_178?dchild=1&keywords=Body+Cream&qid=1624283267&sr=8-178
218,Mamaearth Vitamin C Night Cream For Women with Vitamin C & Gotu Kola for Skin Illumination – 50g,https://www.amazon.in/Mamaearth-Vitamin-Night-Cream-Illumination/dp/B0968C33PZ/ref=sr_1_179?dchild=1&keywords=Body+Cream&qid=1624283267&smid=A61C6NUFGVGS7&sr=8-179
219,"DÈAUX®INTENSE Intimate & Underarms & Inner Thighs Cream for Whiting, Glowing, Removed Black Dark Spots and Detaining with Organic Hydration 50gm (Luxurious Collection)",https://www.amazon.in/D%C3%88AUX%C2%AEINTENSE-Underarms-Detaining-Hydration-Collection/dp/B08R5PL28J/ref=sr_1_180?dchild=1&keywords=Body+Cream&qid=1624283267&sr=8-180
220,RJ Rojeno Lulitec Cream 1% 30 Gm (Pack of 2),https://www.amazon.in/RJ-Rojeno-Lulitec-Cream-Pack/dp/B097C3DHB1/ref=sr_1_181?dchild=1&keywords=Body+Cream&qid=1624283267&sr=8-181
221,"AICHUN BEAUTY Collagen Milk Bleaching Face Body Cream for Skin Whitening, Moisturizing, Skin Lightening for All Skin Type",https://www.amazon.in/Collagen-Bleaching-whitening-Moisturizing-lightening/dp/B08C594JVR/ref=sr_1_182?dchild=1&keywords=Body+Cream&qid=1624283267&sr=8-182
222,Dove Nourishing Secrets Invigorating Ritual Hand Cream 75ml,https://www.amazon.in/Dove-Nourishing-Secrets-Invigorating-Ritual/dp/B07G83R5WM/ref=sr_1_183?dchild=1&keywords=Body+Cream&qid=1624283267&sr=8-183
223,"Bella Vita Organic Night Glow Face Cream For Skin Repair, Hydration, Anti Ageing & Dryness Control With Saffron, Babchi, Sandalwood & Shea Butter, 85 gm",https://www.amazon.in/Bella-Vita-Organic-Hydration-Sandalwood/dp/B08RBPZV4Q/ref=sr_1_184?dchild=1&keywords=Body+Cream&qid=1624283267&sr=8-184
224,"Trycone L Glutathione Skin Whitening Body Yogurt Enrich with Vitamin-C and Sunflower Oil with SPF -15, 200 Gm",https://www.amazon.in/Trycone-Glutathione-Whitening-Vitamin-C-Sunflower/dp/B08KTFPFFW/ref=sr_1_185?dchild=1&keywords=Body+Cream&qid=1624283267&sr=8-185
225,"St.Ives Revitalizing ACAI, Blueberry & Chia Seed Oil Body Lotion 621ml",https://www.amazon.in/St-Ives-Revitalizing-Lotion-Blueberry/dp/B07CKKD7V9/ref=sr_1_186?dchild=1&keywords=Body+Cream&qid=1624283267&sr=8-186
226,"Dove Cooling Gel Crème (Cream), 48 Hrs Long Lasting Hydration, Lightweight, Oil Free Moisturizer For Smooth Skin, Paraben Free, 145 g",https://www.amazon.in/Dove-Cooling-Hydration-Lightweight-Moisturizer/dp/B08Z47W3XJ/ref=sr_1_187?dchild=1&keywords=Body+Cream&qid=1624283267&sr=8-187
227,"Dove Essential Nourishment Body Lotion, 400 ml",https://www.amazon.in/Dove-Essential-Nourishment-Body-Lotion/dp/B00CBKZ5PM/ref=sr_1_188?dchild=1&keywords=Body+Cream&qid=1624283267&sr=8-188
228,Rejusure 2% Salicylic Acid Moisturizer | Fights Breakout & Blackheads & Excess Oil | Cream for Face - 50ml,https://www.amazon.in/Rejusure-Salicylic-Moisturizer-Breakout-Blackheads/dp/B08KSZX1K2/ref=sr_1_189?dchild=1&keywords=Body+Cream&qid=1624283267&sr=8-189
229,VASELINE NEW INTENSIVE CARE COCOA GLOW WITH PURE COCOA BUTTER BODY LOTION FOR RESTORES DRY SKIN (IMPORTED)400 ml,https://www.amazon.in/VASELINE-INTENSIVE-BUTTER-LOTION-RESTORES/dp/B01MRNM5DN/ref=sr_1_190?dchild=1&keywords=Body+Cream&qid=1624283267&sr=8-190
230,Olivia Herbal Facial Fruit Massage Cream 800g Rejuvenate and Refresh Skin,https://www.amazon.in/Olivia-Fruit-Massage-Cream-Rejuvenate/dp/B07Y5GGF1N/ref=sr_1_191?dchild=1&keywords=Body+Cream&qid=1624283267&sr=8-191
231,Dr Reddy's Nourish Oat Moisturising Cream Natural Oatmeal Extracts 135gm,https://www.amazon.in/Dr-Nourish-Moisturising-Natural-Extracts/dp/B092ZX37GV/ref=sr_1_192?dchild=1&keywords=Body+Cream&qid=1624283267&sr=8-192
232,"Faiza Beauty Cream - SKIN WHITENING CREAM REMOVE FRECKLES/ BROWN & DARK SPOTS - (Pink, 50 g)",https://www.amazon.in/Faiza-Beauty-Cream-WHITENING-FRECKLES/dp/B094WZ459S/ref=sr_1_193?dchild=1&keywords=Body+Cream&qid=1624283267&sr=8-193
233,"Himalaya Herbals Soothing Body Lotion, 400ml",https://www.amazon.in/Himalaya-Herbals-Soothing-Lotion-400ml/dp/B01MT488OW/ref=sr_1_194?dchild=1&keywords=Body+Cream&qid=1624283267&sr=8-194
234,Bath And Body Works Aromatherapy Love Rose Vanilla Body Cream 8 Ounce,https://www.amazon.in/Works-Aromatherapy-Vanilla-Cream-Ounce/dp/B07GWWN4HV/ref=sr_1_195?dchild=1&keywords=Body+Cream&qid=1624283267&sr=8-195
235,"Kaya Youth Oxy-Infusion Night Cream, Boosts Skin Oxygen, Replenishes skin moisture overnight, Gives youthful glowing skin, Developed by Dermatologists, 60 gm",https://www.amazon.in/Kaya-Youth-Oxy-Infusion-Replenishes-Dermatologists/dp/B07ZKRZMP8/ref=sr_1_196?dchild=1&keywords=Body+Cream&qid=1624283267&sr=8-196
236,"Lotus Herbals WhiteGlow Deep Moisturising cream, SPF 20, Face cream for Dry skin, 60g",https://www.amazon.in/Lotus-Whiteglow-Moisturising-Creme-SPF20/dp/B00TYL4XUO/ref=sr_1_197?dchild=1&keywords=Body+Cream&qid=1624283267&sr=8-197
237,"MCaffeine Naked and Raw Coffee Body Lotion | Moisturization | White Water Lily, Shea Butter | Normal to Oily Skin | Paraben and Mineral Oil-Free for all skin types ( 200 ml )",https://www.amazon.in/mCaffeine-Coffee-Moisturization-Paraben-Mineral/dp/B07YL51LP7/ref=sr_1_198?dchild=1&keywords=Body+Cream&qid=1624283267&smid=A2A53F3N8CEFWW&sr=8-198
238,"Demelan Lite Lotion (50 ml), from LifeLine Medicos",https://www.amazon.in/Demelan-Lite-Lotion-LifeLine-Medicos/dp/B07FZFC4YQ/ref=sr_1_199?dchild=1&keywords=Body+Cream&qid=1624283267&sr=8-199
239,Bio Reach D -TAN Facial Cream For Women & Men - 300g For Tan Removal,https://www.amazon.in/Bio-Reach-Facial-Cream-Women/dp/B08TZW722L/ref=sr_1_200?dchild=1&keywords=Body+Cream&qid=1624283267&sr=8-200
240,"The Beauty Sailor - Avocado Body Lotion For Ultra Nourishing, Moisturizing, A wonderful Sensation & Rejuvenating Skin with Jojoba Aloe Vera & Vitamin E 300 ML",https://www.amazon.in/gp/slredirect/picassoRedirect.html/ref=pa_sp_btf_aps_sr_pg4_1?ie=UTF8&adId=A0731143KMQ9USD8EBUL&url=%2FBeauty-Sailor-Nourishing-Moisturizing-Rejuvenating%2Fdp%2FB08SKGLBS6%2Fref%3Dsr_1_201_sspa%3Fdchild%3D1%26keywords%3DBody%2BCream%26qid%3D1624283267%26smid%3DAX1H947732VIO%26sr%3D8-201-spons%26psc%3D1&qualifier=1624283267&id=7222822484568851&widgetName=sp_btf
241,"Plum BodyLovin' Vanilla Vibes Body Butter | Deep Moisturization | Dry To Very Dry Skin | 100% Vegan | Paraben, Silicone & Mineral Oil Free | 200 g",https://www.amazon.in/gp/slredirect/picassoRedirect.html/ref=pa_sp_btf_aps_sr_pg4_1?ie=UTF8&adId=A0125621FVKG8SD053M6&url=%2FPlum-BodyLovin-Vanilla-Moisturization-Silicone%2Fdp%2FB08P7BBCZH%2Fref%3Dsr_1_202_sspa%3Fdchild%3D1%26keywords%3DBody%2BCream%26qid%3D1624283267%26sr%3D8-202-spons%26psc%3D1&qualifier=1624283267&id=7222822484568851&widgetName=sp_btf
242,"Lakme Peach Milk Moisturizer Body Lotion, Lightweight, Non-Sticky, Locks Moisture For 12 Hours, 200 ml",https://www.amazon.in/gp/slredirect/picassoRedirect.html/ref=pa_sp_btf_aps_sr_pg4_1?ie=UTF8&adId=A002491832B2MGQCY4428&url=%2FLakme-Peach-Milk-Moisturizer-Lotion%2Fdp%2FB00UFF8PZ2%2Fref%3Dsr_1_203_sspa%3Fdchild%3D1%26keywords%3DBody%2BCream%26qid%3D1624283267%26sr%3D8-203-spons%26psc%3D1&qualifier=1624283267&id=7222822484568851&widgetName=sp_btf
243,"The Body Shop Vitamin E Gel Moisture Cream, 50 ml",https://www.amazon.in/gp/slredirect/picassoRedirect.html/ref=pa_sp_btf_aps_sr_pg4_1?ie=UTF8&adId=A04272891XASMF7R9OF8X&url=%2FBody-Shop-Vitamin-Cream-Moisturizer%2Fdp%2FB07BKFZ81H%2Fref%3Dsr_1_204_sspa%3Fdchild%3D1%26keywords%3DBody%2BCream%26qid%3D1624283267%26sr%3D8-204-spons%26psc%3D1&qualifier=1624283267&id=7222822484568851&widgetName=sp_btf
244,"Bryan & Candy New York Cocoa Shea Hand and Body Lotion with Aloe Vera for Smooth, Moisturized Skin (125ml)",https://www.amazon.in/gp/slredirect/picassoRedirect.html/ref=pa_sp_atf_next_aps_sr_pg5_1?ie=UTF8&adId=A0335506341GHFK0JBHTV&url=%2FBryan-Candy-Lotion-Smooth-Moisturized%2Fdp%2FB07N7CRHB3%2Fref%3Dsr_1_193_sspa%3Fdchild%3D1%26keywords%3DBody%2BCream%26qid%3D1624283272%26sr%3D8-193-spons%26psc%3D1&qualifier=1624283272&id=5541351225475164&widgetName=sp_atf_next
245,"Dermafique Night Replenish Body Serum, Dermatologist Tested, Night Serum for All Skin Types (300 ml)",https://www.amazon.in/gp/slredirect/picassoRedirect.html/ref=pa_sp_atf_next_aps_sr_pg5_1?ie=UTF8&adId=A090026038ZQKXJP6M368&url=%2FDermafique-Night-Replenish-Serum-300ml%2Fdp%2FB07J5VB6VF%2Fref%3Dsr_1_194_sspa%3Fdchild%3D1%26keywords%3DBody%2BCream%26qid%3D1624283272%26sr%3D8-194-spons%26psc%3D1&qualifier=1624283272&id=5541351225475164&widgetName=sp_atf_next
246,"The Moms Co. Natural Body Lotion | Deeply nourishes and moisturizes the skin | Shea Butter, Rosehip Oil, Organic Chamomile and Jojoba Oils",https://www.amazon.in/gp/slredirect/picassoRedirect.html/ref=pa_sp_atf_next_aps_sr_pg5_1?ie=UTF8&adId=A03857932GDCQLTNQOPFT&url=%2FMoms-Co-Natural-Body-Lotion%2Fdp%2FB077YGRRYV%2Fref%3Dsr_1_195_sspa%3Fdchild%3D1%26keywords%3DBody%2BCream%26qid%3D1624283272%26sr%3D8-195-spons%26psc%3D1&qualifier=1624283272&id=5541351225475164&widgetName=sp_atf_next
247,"Parachute Advansed Body Lotion Deep Nourish, 400 ml And Parachute Advansed Body Lotion Deep Nourish, 250 ml",https://www.amazon.in/gp/slredirect/picassoRedirect.html/ref=pa_sp_atf_next_aps_sr_pg5_1?ie=UTF8&adId=A095596515VJ9F4VCT9QE&url=%2FParachute-Advansed-Body-Lotion-Nourish%2Fdp%2FB08KHH8KD6%2Fref%3Dsr_1_196_sspa%3Fdchild%3D1%26keywords%3DBody%2BCream%26qid%3D1624283272%26sr%3D8-196-spons%26psc%3D1&qualifier=1624283272&id=5541351225475164&widgetName=sp_atf_next
248,Plum BodyLovin' Hawaiian Rumba Hand Cream | All Skin Types | Non-Greasy | Beachy | Silicone & Paraben Free | 100% Vegan | Cruelty-Free,https://www.amazon.in/Plum-BodyLovin-Hawaiian-Non-Greasy-Cruelty-Free/dp/B08P7538LX/ref=sr_1_197?dchild=1&keywords=Body+Cream&qid=1624283272&sr=8-197
249,GEMBLUE BIOCARE Papaya beautifying and soothing moisturising cream 500ml,https://www.amazon.in/GEMBLUE-BIOCARE-beautifying-soothing-moisturising/dp/B07ZWZNWYL/ref=sr_1_198?dchild=1&keywords=Body+Cream&qid=1624283272&sr=8-198
250,Mamaearth Tea Tree Spot Gel Pimple Removal Face Cream with Tea Tree & Salicylic Acid For Acne & Pimples – 15 g,https://www.amazon.in/Mamaearth-Pimple-Removal-Salicylic-Pimples/dp/B0943ZGKKY/ref=sr_1_199?dchild=1&keywords=Body+Cream&qid=1624283272&smid=A61C6NUFGVGS7&sr=8-199
251,"L'Oreal Paris Skin Perfect 40+ Anti-Aging Cream, 50g",https://www.amazon.in/LOreal-Paris-Perfect-Anti-Aging-Cream/dp/B00S4R0YQQ/ref=sr_1_200?dchild=1&keywords=Body+Cream&qid=1624283272&sr=8-200
252,Rice Ceramide Cream by Herbal Botanica; For dry and combination skin; delays early sign of ageing; for men & women; 50gm,https://www.amazon.in/Ceramide-Herbal-Botanica-combination-delays/dp/B08YKCYM55/ref=sr_1_201?dchild=1&keywords=Body+Cream&qid=1624283272&sr=8-201
253,POND'S Bright Beauty Spot-less Glow SPF 15 Day Cream 35 g,https://www.amazon.in/Ponds-White-Beauty-Fairness-Cream/dp/B077ND8562/ref=sr_1_202?dchild=1&keywords=Body+Cream&qid=1624283272&sr=8-202
254,"Fair and Handsome Radiance Cream For Men, 60g",https://www.amazon.in/Fair-Handsome-Fairness-Cream-60g/dp/B01BD5EO2U/ref=sr_1_203?dchild=1&keywords=Body+Cream&qid=1624283272&sr=8-203
255,Glowing skin oriflame milk & honey hand and body cream,https://www.amazon.in/Glowing-skin-oriflame-honey-cream/dp/B08KSD72RB/ref=sr_1_204?dchild=1&keywords=Body+Cream&qid=1624283272&sr=8-204
256,"NIVEA Men Crème, Non Greasy Moisturizer, Cream for Face, Body & Hands, 75 ml",https://www.amazon.in/Nivea-Men-Moisturiser-Cream-75ml/dp/B01HD5S28Q/ref=sr_1_205?dchild=1&keywords=Body+Cream&qid=1624283272&sr=8-205
257,DERMATOUCH Bye Bye Pigmentation Cream for Pigmentation Removal Cream || Anti Pigmentation Cream for Women with Lime Pearl & B-White,https://www.amazon.in/DERMATOUCH-Pigmentation-Cream-Removal-B-White/dp/B093SD786W/ref=sr_1_206?dchild=1&keywords=Body+Cream&qid=1624283272&sr=8-206
258,Joy Even Tone Bright Radiance Skin Brightening Hand & Body Lotion 400 ml,https://www.amazon.in/Bright-Radiance-Brightening-Lotion-400ml/dp/B0851BHN7C/ref=sr_1_207?dchild=1&keywords=Body+Cream&qid=1624283272&smid=A1HR1HKFPNDF5E&sr=8-207
259,"HONEST CHOICE Anti-Blemish Face Cream for Blemish, Pigmentation, Acne & Scar Removal with Vitamin C & Daisy Flower Extract 50gm",https://www.amazon.in/HONEST-CHOICE-Anti-Blemish-Blemish-Pigmentation/dp/B08ZYZFFSH/ref=sr_1_208?dchild=1&keywords=Body+Cream&qid=1624283272&sr=8-208
260,Lakme Vitamin C+ Night Cream 50 g,https://www.amazon.in/Lakme-Vitamin-Night-Cream-50/dp/B0932SF7GX/ref=sr_1_209?dchild=1&keywords=Body+Cream&qid=1624283272&sr=8-209
261,"ZM Zayn & Myza Vitamin C Night Cream - Rejuvenate, Brighten & Hydrate Dull Skin Overnight, No Chemical Nasties For All Skin Types, 50 g",https://www.amazon.in/ZM-Zayn-Myza-Vitamin-Night/dp/B0949FNT4Z/ref=sr_1_210?dchild=1&keywords=Body+Cream&qid=1624283272&sr=8-210
262,"NIVEA Naturally Good, Natural Avocado Body Lotion, For Normal to Dry Skin, No Parabens, 98% Natural Origin Ingredients, 350 ml",https://www.amazon.in/Naturally-Natural-Avocado-Parabens-Ingredients/dp/B0937Q6QD6/ref=sr_1_211?dchild=1&keywords=Body+Cream&qid=1624283272&sr=8-211
263,"REGALIZ Hydronic Moisturizing Dry Skin Body Lotion, 100 ml",https://www.amazon.in/HYDRONIC-MOISTURIZING-LOTION-100-ML/dp/B07MBVR1K6/ref=sr_1_212?dchild=1&keywords=Body+Cream&qid=1624283272&sr=8-212
264,"Forest Essentials Velvet Silk Vitamin E Body Cream, 6.7 oz",https://www.amazon.in/gp/slredirect/picassoRedirect.html/ref=pa_sp_mtf_aps_sr_pg5_1?ie=UTF8&adId=A079033234SE6ND3XIRMC&url=%2FForest-Essentials-Velvet-Vitamin-Cream%2Fdp%2FB009XR0SPI%2Fref%3Dsr_1_213_sspa%3Fdchild%3D1%26keywords%3DBody%2BCream%26qid%3D1624283272%26sr%3D8-213-spons%26psc%3D1&qualifier=1624283272&id=5541351225475164&widgetName=sp_mtf
265,"Kimirica Good Things For You Luxury Bath and Body Gift Box - Shower Gel, Body Lotion, Hand Sanitizer, Hand Cream",https://www.amazon.in/gp/slredirect/picassoRedirect.html/ref=pa_sp_mtf_aps_sr_pg5_1?ie=UTF8&adId=A01629601X4Z4IL2EVM90&url=%2FKimirica-Good-Things-Luxury-Bath%2Fdp%2FB08YK75R55%2Fref%3Dsr_1_214_sspa%3Fdchild%3D1%26keywords%3DBody%2BCream%26qid%3D1624283272%26sr%3D8-214-spons%26psc%3D1&qualifier=1624283272&id=5541351225475164&widgetName=sp_mtf
266,"Body Butter, 150g (Limited Edition)",https://www.amazon.in/gp/slredirect/picassoRedirect.html/ref=pa_sp_mtf_aps_sr_pg5_1?ie=UTF8&adId=A09806552OSYSHAC52GWF&url=%2FBody-Butter-150g-Limited-Edition%2Fdp%2FB08PTZN6J6%2Fref%3Dsr_1_215_sspa%3Fdchild%3D1%26keywords%3DBody%2BCream%26qid%3D1624283272%26sr%3D8-215-spons%26psc%3D1&qualifier=1624283272&id=5541351225475164&widgetName=sp_mtf
267,"Aveeno Soothing and Calming Body Lotion for Normal Skin, White, 354 ml",https://www.amazon.in/gp/slredirect/picassoRedirect.html/ref=pa_sp_mtf_aps_sr_pg5_1?ie=UTF8&adId=A0751734V4H560F9VB7H&url=%2FAveeno-Soothing-Calming-Lotion-White%2Fdp%2FB00JZE500W%2Fref%3Dsr_1_216_sspa%3Fdchild%3D1%26keywords%3DBody%2BCream%26qid%3D1624283272%26sr%3D8-216-spons%26psc%3D1&qualifier=1624283272&id=5541351225475164&widgetName=sp_mtf
268,"Lakme Peach Milk Soft Creme Moisturizer, Lightweight Face Cream, Non Sticky, Locks Moisture For 24 Hours For Soft And Glowing Skin, 250 g",https://www.amazon.in/Lakme-Peach-Milk-Soft-Creme/dp/B07JVZMKT3/ref=sr_1_217?dchild=1&keywords=Body+Cream&qid=1624283272&sr=8-217
269,"Kaya Clinic Deep Nourish Elbow and Foot Cream, with Shea Butter & Coconut Oil, All Skin Types 50ml",https://www.amazon.in/Kaya-Skin-Clinic-Nourish-Elbow/dp/B078H9BXKY/ref=sr_1_218?dchild=1&keywords=Body+Cream&qid=1624283272&sr=8-218
270,"WOW Skin Science Vitamin C Hand & Nail Cream - Moisturizing & Refreshing - Lightweight & Non-Greasy - Quick Absorb - For All Skin Types - No Parabens, Silicones, Mineral Oil & Color, 50 ml",https://www.amazon.in/WOW-Skin-Science-Vitamin-Cream/dp/B08W9Z5JKT/ref=sr_1_219?dchild=1&keywords=Body+Cream&qid=1624283272&sr=8-219
271,"Organic Harvest Vitamin B Day Cream with Spinach & Niacinamide for Oily & Combination Skin, Fights Pimples & Painful Acne, 100% Organic, Paraben & Sulphate Free – 50gm",https://www.amazon.in/Organic-Harvest-Niacinamide-Combination-Sulphate/dp/B094DD972H/ref=sr_1_220?dchild=1&keywords=Body+Cream&qid=1624283272&smid=AMUQ56Q1P787N&sr=8-220
272,"The Moms Co. Natural Body Butter (100 g) for Stretch Marks, Dry Skin and Itchy Skin with Shea and Cocoa Butter",https://www.amazon.in/Moms-Co-Natural-Butter-Stretch/dp/B07DCQS3GL/ref=sr_1_221?dchild=1&keywords=Body+Cream&qid=1624283272&sr=8-221
273,"BodyHerbals Lemon Foot Cream for Rough & Cracked Heel, Soft Feet, No Sulphates No Parabens (100g)",https://www.amazon.in/BodyHerbals-Lemon-Cream-Rough-Cracked/dp/B01A6PG15Q/ref=sr_1_222?dchild=1&keywords=Body+Cream&qid=1624283272&sr=8-222
274,"NIVEA Body Lotion for Very Dry Skin, Nourishing Body Milk with 2x Almond Oil, For Men & Women, 200 ml",https://www.amazon.in/Nivea-Nourishing-Lotion-Body-Milk/dp/B0154BS40W/ref=sr_1_223?dchild=1&keywords=Body+Cream&qid=1624283272&sr=8-223
275,"RE' EQUIL Skin Radiance Cream that helps in reducing hyper pigmentation, dark spots, age spots, melasma - 30g",https://www.amazon.in/RE-EQUIL-Radiance-reducing-pigmentation/dp/B07PXLFGX7/ref=sr_1_224?dchild=1&keywords=Body+Cream&qid=1624283272&sr=8-224
276,LUMIEDGE-UE UNDER EYE CREAM GEL 20ML,https://www.amazon.in/LUMIEDGE-UE-UNDER-EYE-CREAM-20ML/dp/B0928JKR8K/ref=sr_1_225?dchild=1&keywords=Body+Cream&qid=1624283272&sr=8-225
277,"Lakme Peach Milk Moisturizer Body Lotion, Lightweight, Non-Sticky, Locks Moisture For 12 Hours, 120 ml",https://www.amazon.in/Lakme-Peach-Milk-Moisturizer-Lotion/dp/B00UFF8TEO/ref=sr_1_226?dchild=1&keywords=Body+Cream&qid=1624283272&sr=8-226
278,"NIVEA Body Lotion, Oil in Lotion Rose & Argan Oil, For Dry Skin, 400ml",https://www.amazon.in/Nivea-Rose-Argan-Lotion-400ml/dp/B07H6LLVRK/ref=sr_1_227?dchild=1&fpw=pantry&keywords=Body+Cream&qid=1624283272&s=pantry&sr=8-227
279,Aquasoft Cream To Deeply Nourish And Soften Skin (Pack Of 2 x100ml),https://www.amazon.in/Aquasoft-Deeply-Nourish-Soften-x100ml/dp/B0967JQ6XT/ref=sr_1_228?dchild=1&keywords=Body+Cream&qid=1624283272&sr=8-228
280,"Garnier Men Acno Fight Pimple Clearing Whitening Day Cream, 45g",https://www.amazon.in/Garnier-Acno-Fight-Whitening-Cream/dp/B00TX06FIO/ref=sr_1_229?dchild=1&keywords=Body+Cream&qid=1624283272&sr=8-229
281,"Vaseline Intensive Care Aloe Fresh Body Lotion, with Aloe Extract, Non Greasy, Non Sticky Formula For Hand & Body for Normal Skin 400 ml",https://www.amazon.in/Vaseline-Intensive-Care-Fresh-Lotion/dp/B07WLNJNBH/ref=sr_1_230?dchild=1&fpw=pantry&keywords=Body+Cream&qid=1624283272&s=pantry&sr=8-230
282,Avon Little Black Dress Body Cream Body Lotion 150ml,https://www.amazon.in/Little-Black-Dress-Cream-Lotion/dp/B015QGXYV4/ref=sr_1_231?dchild=1&keywords=Body+Cream&qid=1624283272&sr=8-231
283,"NIVEA Body Lotion, Extra Whitening Cell Repair, SPF 15 & 50x Vitamin C, 400 ml",https://www.amazon.in/Nivea-Extra-Whitening-Repair-Lotion/dp/B01H7BRF9S/ref=sr_1_232?dchild=1&keywords=Body+Cream&qid=1624283272&sr=8-232
284,"The Body Avenue Under Eye Gel Cream for Sensitive Skin , Dark Circles, Fine Lines, Wrinkles, Puffiness with Cucumber, Green Tea, Aloevera - 30g",https://www.amazon.in/Body-Avenue-Wrinkles-Puffiness-Cucumber/dp/B084D4G1G5/ref=sr_1_233?dchild=1&keywords=Body+Cream&qid=1624283272&sr=8-233
285,"Organic Harvest Skin Illuminate Vitamin C Day Cream for Whitening & Brightening Skin, Eliminates Scars & Blemishes, Infused with Acai Berry & Daisy Flower, 100% Organic, Paraben & Sulphate Free – 50gm",https://www.amazon.in/Organic-Harvest-Illuminate-Brightening-Eliminates/dp/B08ZJF18HV/ref=sr_1_234?dchild=1&keywords=Body+Cream&qid=1624283272&smid=AMUQ56Q1P787N&sr=8-234
286,"NIVEA Body Lotion, Whitening Even Tone, UV Protect & 40x Vitamin C, 400 ml",https://www.amazon.in/Nivea-Whitening-Protect-Lotion-400ml/dp/B00IJ72LU8/ref=sr_1_235?dchild=1&keywords=Body+Cream&qid=1624283272&sr=8-235
287,MERACLE® BREAST CREAM FOR WOMEN 70 GM,https://www.amazon.in/MERACLE%C2%AE-BREAST-CREAM-WOMEN-70/dp/B096TRK7HR/ref=sr_1_236?dchild=1&keywords=Body+Cream&qid=1624283272&sr=8-236
288,"POND'S Moisturising Cold Cream, 55 ml",https://www.amazon.in/PONDS-Moisturising-Cold-Cream-55/dp/B08HSRR9M2/ref=sr_1_237?dchild=1&keywords=Body+Cream&qid=1624283272&sr=8-237
289,Fragrance & Beyond Azure Perfume Body Lotion for Men (100 ML) | Moistirizing | Paraben Free | Sulphate Free,https://www.amazon.in/Fragrance-Beyond-Perfume-Body-Lotion/dp/B07XKLJH4K/ref=sr_1_238?dchild=1&keywords=Body+Cream&qid=1624283272&sr=8-238
290,"Kozicare Elbow & Knee Lightening Cream with Glutathione, Arbutin & Kojic Acid - 50gm",https://www.amazon.in/Kozicare-Elbow-Lightening-Glutathione-Arbutin/dp/B084ZQ1RG1/ref=sr_1_239?dchild=1&keywords=Body+Cream&qid=1624283272&sr=8-239
291,"NIVEA Body Lotion for Dry Skin, Shea Smooth, with Shea Butter, For Men & Women, 400 ml",https://www.amazon.in/Nivea-Smooth-Milk-Body-Lotion/dp/B01CGELIOO/ref=sr_1_240?dchild=1&fpw=pantry&keywords=Body+Cream&qid=1624283272&s=pantry&sr=8-240
292,"Plum Bodylovin' Tropical Tango Foot Cream | All Skin Types | Non-Greasy | Cracked Heels | Silicone & Paraben Free | 100% Vegan | Cruelty-Free, 75 g",https://www.amazon.in/Plum-Bodylovin-Tropical-Non-Greasy-Cruelty-Free/dp/B08Q242G3M/ref=sr_1_241?dchild=1&keywords=Body+Cream&qid=1624283272&sr=8-241
293,Joy Revivify White Expert Brightening Serum Cream SPF 25 A+++ 50g,https://www.amazon.in/Revivify-White-Expert-Brightening-Serum/dp/B08W1N4K97/ref=sr_1_242?dchild=1&keywords=Body+Cream&qid=1624283272&sr=8-242
294,"The Body Shop Vitamin E Intense Moisture Cream, 50ml",https://www.amazon.in/Body-Shop-Vitamin-Intense-Moisture/dp/B00QF7WX98/ref=sr_1_243?dchild=1&keywords=Body+Cream&qid=1624283272&sr=8-243
295,"Bare Body Essentials Acne Scar Removal Cream, Acne scar & Pimple Removal, Spot Correcting, Anti Pigmentation, Anti Blemish, Skin Clearing With Cocoa butter & Vitamin E, 15gm",https://www.amazon.in/Essentials-Removal-removal-Cruelty-Vitamin/dp/B089GY97V7/ref=sr_1_244?dchild=1&keywords=Body+Cream&qid=1624283272&sr=8-244
296,Palmer’s Cocoa Butter Formula Mens Body Lotion,https://www.amazon.in/Palmers-Cocoa-Butter-Formula-250ml/dp/B06XSYCP3M/ref=sr_1_245?dchild=1&keywords=Body+Cream&qid=1624283272&sr=8-245
297,"Plum Green Tea Renewed Clarity Night Gel | Normal, Oily, Acne-Prone, Combination Skin | Night Cream For Women | Overnight Repair | 100% Vegan | Paraben Free | 50ml",https://www.amazon.in/Plum-Renewed-Clarity-Night-Green/dp/B076D5V211/ref=sr_1_246?dchild=1&keywords=Body+Cream&qid=1624283272&smid=AT95IG9ONZD7S&sr=8-246
298,"Joy Skin Fruits Fruit Moisturizing Cream With Jojoba and Almond Oil, For All Skin Types 500 ml",https://www.amazon.in/Fruits-Fruit-Moisturizing-Jojoba-Almond/dp/B07GJQGK4Q/ref=sr_1_247?dchild=1&keywords=Body+Cream&qid=1624283272&sr=8-247
299,"Venusia Max Intensive Moisturizing Cream For Dry Skin To Very Dry Skin, 150 g",https://www.amazon.in/Venusia-Max-Moisturising-Cream-150/dp/B00V7VNA2Q/ref=sr_1_248?dchild=1&keywords=Body+Cream&qid=1624283272&sr=8-248
300,"Parasoft Emollient Moisturising Lotion With Goodness of Aloe Vera For Normal To Dry Skin (Alcohol Free), 100ml (Pack Of 3)",https://www.amazon.in/gp/slredirect/picassoRedirect.html/ref=pa_sp_btf_aps_sr_pg5_1?ie=UTF8&adId=A00328111ZPJIGYKNXP23&url=%2FParasoft-Emollient-Lotion-Skin-Care%2Fdp%2FB07PBXBY4T%2Fref%3Dsr_1_249_sspa%3Fdchild%3D1%26keywords%3DBody%2BCream%26qid%3D1624283272%26sr%3D8-249-spons%26psc%3D1&qualifier=1624283272&id=5541351225475164&widgetName=sp_btf
301,"Kimirica Summer Breeze Luxury Gift Box - Body Wash, Body Lotion, Hand Cream",https://www.amazon.in/gp/slredirect/picassoRedirect.html/ref=pa_sp_btf_aps_sr_pg5_1?ie=UTF8&adId=A1018144PPIWFDO9L4X4&url=%2FKimirica-Summer-Breeze-Luxury-Gift%2Fdp%2FB08KDYHQSN%2Fref%3Dsr_1_250_sspa%3Fdchild%3D1%26keywords%3DBody%2BCream%26qid%3D1624283272%26sr%3D8-250-spons%26psc%3D1&qualifier=1624283272&id=5541351225475164&widgetName=sp_btf
302,"bare body essentials Neck Back Cream for Even toned and Smooth, Combination skin, Shea Butter, 50 gm",https://www.amazon.in/gp/slredirect/picassoRedirect.html/ref=pa_sp_btf_aps_sr_pg5_1?ie=UTF8&adId=A07307091SFJP234JRIQ4&url=%2FBare-Body-Essentials-Neck-Cream%2Fdp%2FB07ZZ7SSQK%2Fref%3Dsr_1_251_sspa%3Fdchild%3D1%26keywords%3DBody%2BCream%26qid%3D1624283272%26sr%3D8-251-spons%26psc%3D1&qualifier=1624283272&id=5541351225475164&widgetName=sp_btf
303,"Plum BodyLovin' Oopsie Daisy Body Butter | Deep Moisturization | Dry To Very Dry Skin | 100% Vegan | Paraben, Silicone & Mineral Oil Free, 200 g",https://www.amazon.in/gp/slredirect/picassoRedirect.html/ref=pa_sp_btf_aps_sr_pg5_1?ie=UTF8&adId=A01259011RIROST1HTIZC&url=%2FPlum-BodyLovin-Moisturization-Paraben-Silicone%2Fdp%2FB08P7B36QG%2Fref%3Dsr_1_252_sspa%3Fdchild%3D1%26keywords%3DBody%2BCream%26qid%3D1624283272%26sr%3D8-252-spons%26psc%3D1&qualifier=1624283272&id=5541351225475164&widgetName=sp_btf
