,Title,Link,Market size,Forecasted Market Size,CAGR (%)
0,"Agrochemicals Market by Pesticide Type (Herbicides, Insecticides, Fungicides), Fertilizer Type (Nitrogenous, Phosphatic, and Potassic), Crop Application (Cereals & Grains, Oilseeds, Fruits & Vegetables), and Region - Global Forecast to 2025",https://www.marketsandmarkets.com/Market-Reports/global-agro-chemicals-market-report-132.html,USD 208.6 billion,USD 246.1 billion,3.4%
1,"Biological Seed Treatment Market by Type (Microbials and Botanicals), Crop (Corn, Wheat, Soybean, Cotton, Sunflower, and Vegetable Crops), Function (Seed Protection and Seed Enhancement), and Region - Global Forecast to 2025",https://www.marketsandmarkets.com/Market-Reports/biological-seed-treatment-market-162422288.html,USD 0.9 billion,USD 1.7 billion,11.9%
2,"Indoor Farming Technology Market by Growing System (Hydroponics, Aeroponics, Aquaponics, Soil-based, Hybrid), Facility Type, Component, Crop Type (Fruits & Vegetables, Herbs & Microgreens, Flowers & Ornamentals), and Region - Global Forecast to 2026",https://www.marketsandmarkets.com/Market-Reports/indoor-farming-technology-market-40175861.html,USD 14.5 billion,USD 24.8 billion,9.4%
3,"Crop Protection Chemicals Market by Type (Herbicides, Insecticides, Fungicides & Bactericides), Origin (Synthetic, Biopesticides), Form (Liquid, Solid), Mode of Application (Foliar, Seed Treatment, Soil Treatment), Crop Type and Region - Global Forecast to 2025",https://www.marketsandmarkets.com/Market-Reports/crop-protection-380.html,USD 63.7 billion,USD 74.1 billion,3.1%
4,"Fruit & Vegetable Seeds Market by Family Type (Solanaceae, Cucurbit, Root & Bulb, Brassica, Leafy, and Other Families), Form (Inorganic and Organic), Trait (Conventional and Genetically Modified), Crop Type, and Region - Global Forecast to 2025",https://www.marketsandmarkets.com/Market-Reports/fruit-and-vegetable-seed-market-1257.html,USD 9.8 billion,USD 14.4 billion,X.X%
5,"Hydroponics Market by Type (Aggregate Systems, Liquid Systems), Crop Type (Vegetables, Fruits, Flowers), Equipment (HVAC, LED Grow Lights, Irrigation Systems, Material Handling Equipment, Control Systems), Input Type, and Region - Global Forecast to 2026",https://www.marketsandmarkets.com/Market-Reports/hydroponic-market-94055021.html,USD 9.5 billion,USD 17.9 billion,11.3%
6,"Feed Plant-based Protein Market by Source (Soy, Wheat, Pea, Sunflower), Livestock (Pets, Swine, Ruminants, Poultry, and Aquatic Animals), Type (Concentrates & Isolates), and Region (North America, Europe, Asia Pacific, and RoW) - Global Forecast to 2025",https://www.marketsandmarkets.com/Market-Reports/feed-plant-based-protein-market-178285411.html,USD 2.5 billion,USD 3.4 billion,6.3%
7,"Animal Intestinal Health Market by Additive (Probiotics, Prebiotics, Phytogenics, Immunostimulants), Livestock (Poultry, Swine, Ruminant, Aquaculture, Other Livestock), Form (Dry, Liquid), Source, Region - Global Forecast to 2025",https://www.marketsandmarkets.com/Market-Reports/animal-intestinal-health-market-137766321.html,USD 3.1 billion,USD 4.6 billion,8.0%
8,"Agricultural Sprayers Market by Type (Self-propelled, Tractor-mounted, Trailed, Handheld, Aerial), Capacity, Farm Size, Crop Type, Power Source (Fuel-based, Electric & Battery-driven, Manual, Solar), and Region - Global Forecast to 2025",https://www.marketsandmarkets.com/Market-Reports/agricultural-sprayers-market-46851524.html,USD 3.1 billion,NA,6.5%
9,"Commercial Greenhouse Market by Product Type (Fruits, Vegetables, Flowers & Ornamentals, Nursery Crops), Type (Glass greenhouse, Plastic greenhouse), Equipment (Heating systems, Cooling systems), and Region - Global Forecast to 2025",https://www.marketsandmarkets.com/Market-Reports/commercial-greenhouse-market-221045451.html,USD 29.6 billion,USD 50.6 billion,11.3%
10,"Humic-based Biostimulants Market by Type (Humic Acid, Fulvic Acid, and Potassium Humate), Mode of Application (Foliar Treatment, Seed Treatment, and Soil Treatment), Formulation, Crop Application, and Region - Global Forecast to 2025 ",https://www.marketsandmarkets.com/Market-Reports/humic-based-biostimulants-market-45726696.html,USD 515 million,USD 848 million,10.5%
11,"Trace Minerals in Feed Market by Type (Iron, Zinc, Manganese, Copper, Cobalt, Chromium, Other Types), Livestock , Chelate Type (Amino Acids, Proteinates, Polysaccharides, Other Chelate Types), Form, and Region - Global Forecast to 2025",https://www.marketsandmarkets.com/Market-Reports/trace-minerals-chelated-feed-market-196308436.html,USD 608 million,NA,5.2%
12,"Seed Treatment Market by Type, Application Technique (Coating, Dressing, Pelleting), Function (Seed Protection and Seed Enhancement), Application Time, Crop Type (Cereals & Grains, Oilseeds, Fruits & Vegetables), and Region - Global Forecast to 2025",https://www.marketsandmarkets.com/Market-Reports/seed-treatment-market-503.html,USD 6.4 billion,USD 11.3 billion,12.1%
13,"Specialty Fertilizers Market by Type (UAN, CAN, MAP, Potassium Sulfate, and Potassium Nitrate), Application Method (Soil, Foliar, and Fertigation), Form (Dry and Liquid), Crop Type, Technology, and Region - Global Forecast to 2025",https://www.marketsandmarkets.com/Market-Reports/specialty-fertilizer-market-57479139.html,USD 51.3 billion,NA,6.4%
14,"Drip Irrigation Market by Component (Emitters, Drip Tubes/Drip Lines, Filters, Valves, and Pressure Pumps), Emitter/Dripper Type (Inline And Online), Application (Surface And Subsurface), Crop Type, and Region - Global Forecast to 2025",https://www.marketsandmarkets.com/Market-Reports/drip-irrigation-systems-market-217216582.html,USD 9.3 billion,NA,10.8%
15,"Feed Yeast Market by Type (Yeast Derivatives, Probiotic Yeast, Brewers Yeast, and Specialty Yeast), Livestock (Ruminants, Swine, Poultry, Aquatic Animals, Pets and Equine), Genus , and Region - Global Forecast to 2025",https://www.marketsandmarkets.com/Market-Reports/feed-yeast-market-108142106.html,USD 1.8 billion,USD 2.3 billion,5.1%
16,"Feed Binders Market by Type (Lignosulfonates, Plant Gums & Starches, Gelatin & Other Hydrocolloids, Clay, Molasses, and Others), Livestock (Poultry, Cattle, Swine, Aquatic Animals, Dogs & Cats, and Others), Region - Global Forecast to 2025",https://www.marketsandmarkets.com/Market-Reports/feed-binder-market-225613386.html,USD 4.5 billion,USD 5.1 billion,3.0%
17,"Grain Silos and Storage System Market by Silo Type (Flat Bottom Silo, Hopper Silo, Grain Bins, and Other Silo Types), Commodity Type (Rice, Wheat, Maize, Soybean, Sunflower, and Other Commodity Types), Region - Global Forecast to 2025",https://www.marketsandmarkets.com/Market-Reports/grain-silos-storage-system-market-69287165.html,USD 1.3 billion,USD 1.6 billion,4.8%
18,"Feed Mycotoxin Binders and Modifiers Market by Type (feed mycotoxin binders, feed mycotoxin modifiers), Livestock (poultry, swine, ruminants, aquatic animals and others), Source (inorganic, organic), Form (dry, liquid) and Region - Global Forecast 2025",https://www.marketsandmarkets.com/Market-Reports/feed-mycotoxin-binders-and-modifier-market-149205573.html,USD 2.4 billion,USD 2.8 billion,3.0%
19,"Inoculants Market by Type (Agricultural Inoculants and Silage Inoculants), Microbe (Bacterial and Fungal), Crop Type (Oilseeds & Pulses, Cereals & Grains, Fruits & Vegetables, and Forage), and Region - Global Forecast to 2025",https://www.marketsandmarkets.com/Market-Reports/agricultural-inoculants-market-152735696.html,"USD 1,207 million",NA,6.9%
20,"Phytogenic Feed Additives Market by Type (Essential Oils, Flavonoids, Saponins, and Oleoresins), Livestock (Poultry, Swine, Ruminants, and Aquatic Animals), Source (Herbs & Spices, Flowers, and Fruits & Vegetables), Region - Global Forecast to 2025",https://www.marketsandmarkets.com/Market-Reports/feed-phytogenic-market-162036047.html,USD 753 million,"USD 1,098 million",7.8%
21,"Liquid Fertilizers Market by Type (Nitrogen, Phosphorus, Potassium, and Micronutrients), Mode of Application (Soil, Foliar, and Fertigation), Major Compounds (CAN, UAN, MAP, DAP, and Potassium Nitrate), Crop Type, and Region - Global Forecast to 2025",https://www.marketsandmarkets.com/Market-Reports/liquid-fertilizer-market-225530281.html,USD 3.0 billion,NA,4.4%
22,"Seed Market by Type (Genetically Modified and Conventional), Trait (Herbicide Tolerance and Insect Resistance), Crop Type (Cereals & Grains, Oilseeds & Pulses, and Fruits & Vegetables), and Region - Global Forecast to 2025",https://www.marketsandmarkets.com/Market-Reports/seed-market-126130457.html,USD 80.9 billion,NA,6.4%
23,"Agricultural Adjuvants Market by Function (Activator and Utility), Application (Herbicides, Insecticides, and Fungicides), Formulation (Suspension Concentrates and Emulsifiable Concentrates), Adoption Stage, Crop Type, and Region - Global Forecast 2026",https://www.marketsandmarkets.com/Market-Reports/adjuvant-market-1240.html,USD 3.1 billion,USD 4.4 billion,6.1%
24,"Pet Food Ingredients Market by Ingredient (Cereals, Meat & Meat Products, Vegetables, Fruits, Fats, and Additives), Source (Animal-based, Plant-based, and Synthetic), Pet (Dog, Cat, and Fish), Form (Dry and Wet), and Region - Global Forecast to 2025",https://www.marketsandmarkets.com/Market-Reports/global-pet-food-and-care-products-market-147.html,USD 53.2 billion,NA,6.6%
25,"Biofertilizers Market by Form (Liquid, Carrier-Based), Mode of Application (Soil Treatment, Seed Treatment), Crop Type, Type (Nitrogen-Fixing, Phosphate Solubilizing & Mobilizing, Potash Solubilizing & Mobilizing), Region - Global Forecast to 2025",https://www.marketsandmarkets.com/Market-Reports/compound-biofertilizers-customized-fertilizers-market-856.html,USD 2.3 billion,USD 3.9 billion,11.6%
26,"Rodenticides Market by Type (Non-anticoagulants, Anticoagulants (FGAR, SGAR)), End use (Agricultural fields, Warehouses, Residential, Commercial), Mode of application (Pellet, Spray, and Powder), Rodent type, and Region - Global Forecast to 2026",https://www.marketsandmarkets.com/Market-Reports/rodenticides-market-189089498.html,USD 6.6 billion,NA,5.0%
27,"Feed Enzymes Market by Type (Phytase, Carbohydrase, and Protease), Livestock (Poultry, Swine, Ruminants, and Aquatic Animals), Source (Microorganism, Plant, and Animal), Form (Dry and Liquid), and Region - Global Forecast to 2025",https://www.marketsandmarkets.com/Market-Reports/feed-enzyme-market-1157.html,USD 1.3 billion,USD 1.9 billion,8.1%
28,"Nematicides Market by Type (Fumigants, Carbamates, Organophosphates, Bionematicides), Mode of Application (Fumigation, Drenching, Soil Dressing, Seed Treatment), Nematode Type (Root Knot, Cyst), Crop Type, Form, and Region - Global Forecast to 2025",https://www.marketsandmarkets.com/Market-Reports/nematicides-market-193252005.html,USD 1.3 billion,USD 1.6 billion,3.4%
29,"Aquafeed Market by Species (Fish, Crustaceans, and Mollusks), Ingredient (Soybean, Corn, Fishmeal, Fish Oil, and Additives), Lifecycle (Starter Feed, Grower Feed, Finisher Feed, and Brooder Feed), Form, Additive, and Region - Global Forecast to 2025",https://www.marketsandmarkets.com/Market-Reports/aquafeeds-market-1151.html,USD 71.6 billion,NA,7.2%
30,"Agricultural Pumps Market by Type (Rotodynamic Pumps, Positive Displacement Pumps), Power Source (Electricity-grid Connection, Diesel/Petrol, Solar), HP, End-Use (Irrigation, Livestock Watering), and Region  Global Forecast to 2025",https://www.marketsandmarkets.com/Market-Reports/agricultural-pump-market-223029062.html,USD 4.2 billion,USD 6.1 billion,7.6%
31,"Biopesticides Market by Type (Bioinsecticides, Biofungicides, Bionematicides, and Bioherbicides), Source (Microbials, Biochemicals, and Beneficial Insects), Mode of Application, Formulation, Crop Application, and Region - Global Forecast to 2025",https://www.marketsandmarkets.com/Market-Reports/biopesticides-267.html,USD 8.5 billion,NA,14.7%
32,"COVID-19 Impact on NPK Fertilizers Market by Nutrient Type (Nitrogenous, Phosphate, and Potash), Crop Type (Cereals & Grains, Oilseeds & Pulses, and Fruits & Vegetables), and Region - Global Forecast to 2021",https://www.marketsandmarkets.com/Market-Reports/covid-19-impact-on-npk-fertilizers-market-143983369.html,USD 88.7 billion,NA,1.8%
33,"COVID-19 Impact on Digital Agriculture Market by Smart Farming Systems (Livestock Monitoring, Yield Monitoring, Crop Scouting, Field Mapping, Real-Time Safety Testing, and Climate Smart), and Region - Global Forecast to 2021",https://www.marketsandmarkets.com/Market-Reports/covid-19-impact-on-digital-agriculture-market-222616344.html,USD 6.2 billion,NA,9.9%
34,"Sulfur Fertilizers Market by Type (Sulfates, Elemental Sulfur, Liquid Sulfur Fertilizers), Crop Type (Oilseeds & Pulses, Cereals & Grains, Fruits & Vegetables, Others), Mode of Application, Form, Cultivation Type, and Region - Global Forecast to 2025",https://www.marketsandmarkets.com/Market-Reports/sulfur-fertilizer-market-212686493.html,USD 4.6 billion,USD 5.1 billion,2.2%
35,"Agricultural Microbials Market by Type (Bacteria, Fungi, Virus, Protozoa), Function (Soil Amendment and Crop Protection), Crop Type (Cereals & Grains, Oilseeds & Pulses, Fruits & Vegetables), Mode of Application, Formulation, and Region - Forecast to 2025",https://www.marketsandmarkets.com/Market-Reports/agricultural-microbial-market-15455593.html,USD 6.0 billion,USD 11.6 billion,14.1%
36,"Biofungicides Market by Type (Microbial species, Botanical), Mode of Application (Soil treatment, Foliar application, Seed treatment), Species (Bacillus, Trichoderma, Streptomyces, Pseudomonas), Crop Type, Formulation, and Region  Global Forecast to 2025",https://www.marketsandmarkets.com/Market-Reports/biofungicide-market-8734417.html,USD 1.6 billion,USD 3.4 billion,16.1%
37,"Bioinsecticides Market by Organism Type (Bacteria Thuringiensis, Beauveria Bassiana, and Metarhizium Anisopliae), Type (Microbials and Macrobials), Mode of Application, Formulation, Crop Type, and Region - Global Trends & Forecast to 2025",https://www.marketsandmarkets.com/Market-Reports/bioinsecticides-market-53876759.html,USD 2.2 billion,USD 4.6 billion,15.8%
38,"Soil Conditioners Market by Type (Surfactants, Gypsum, Super Absorbent Polymers, and Others), Application (Agriculture, Construction & Mining, and Others), Formulation (Liquid and Dry), Crop Type, Soil Type, and Region - Global Forecast to 2025",https://www.marketsandmarkets.com/Market-Reports/soil-conditioner-market-171774013.html,USD 1.7 billion,USD 2.5 billion,8.3%
39,"COVID-19 Impact on Feed Market by Application (Poultry, Swine, and Aquaculture), Ingredient & Additive Type (Amino Acids, Phosphates, Vitamins, Minerals, Commodity Ingredients, Phytogenics, and Probiotics) and Region - Global Forecast to 2021",https://www.marketsandmarkets.com/Market-Reports/impact-on-animal-feed-market-183883928.html,USD 282.8 billion,USD 289.0 billion,None
40,"Irrigation Automation Market by System (Automatic, Semi-automatic), Irrigation Type (Sprinkler, Drip, Surface), Automation Type, Component, End-Use (Agricultural, Non-agricultural), and Region - Global Forecast to 2025 ",https://www.marketsandmarkets.com/Market-Reports/irrigation-automation-market-60266313.html,USD 2.8 billion,USD 6.7 billion,18.5%
41,"Mushroom Cultivation Market by Type (Button mushroom, Oyster mushroom, Shiitake mushroom, Other types), By Phase, By Region (North America, Europe, Asia Pacific, South America, Rest of the World) - Global Forecast to 2025",https://www.marketsandmarkets.com/Market-Reports/mushroom-cultivation-market-69443268.html,USD 16.7 billion,USD 20.4 billion,4.0%
42,"Agricultural Micronutrients Market by Type (Zinc, Boron, Iron, Manganese, Molybdenum, and Copper), By Mode of Application (Soil, Foliar, and Fertigation), Form (Chelated and Non-Chelated micronutrients), Crop Type, and Region Global Forecast to 2025",https://www.marketsandmarkets.com/Market-Reports/agriculture-micronutrients-market-968.html,USD 3.6 billion,USD 5.4 billion,8.7%
43,"Farm Equipment Rental Market by Equipment Type (Tractors, Harvesters, Sprayers, Balers & Other Equipment Types), Power Output (<30HP, 31-70HP, 71-130HP, 131-250HP, >250HP), Drive (Two-wheel Drive and Four-wheel Drive), Region  Global Forecast to 2025",https://www.marketsandmarkets.com/Market-Reports/farm-equipmentr-rental-market-165100186.html,USD 46.8 billion,USD 66.4 billion,7.3%
44,"Controlled-release Fertilizers Market by Type (Slow-release, Coated & Encapsulated, N-Stabilizers), End-Use (Agricultural & Non-agricultural), Mode of Application (Fertigation, Foliar, and Soil), and Region - Global Forecast to 2025",https://www.marketsandmarkets.com/Market-Reports/controlled-release-fertilizers-market-136099624.html,USD 2.4 billion,USD 3.2 billion,6.3%
45,"Soil Amendments Market by Type (Organic and Inorganic), Soil Type (Loam, Clay, Silt, and Sand), Crop Type (Cereals & Grains, Fruits & Vegetables, and Oilseeds & Pulses), Form (Dry and Liquid), and Region - Global Forecast to 2025",https://www.marketsandmarkets.com/Market-Reports/soil-amendment-market-129654227.html,USD 3.7 billion,USD 6.2 billion,10.7%
46,"Top Trends in the Agricultural Biologicals Market by Agricultural Biologicals, Biocontrols, Biofungicides, Bioinsecticides, Bionematicides, Biostimulants, Biofertilizers, Agricultural Inoculants, Agricultural Pheromones, Biological Seed Treatment - Global Forecast to 2025",https://www.marketsandmarkets.com/Market-Reports/top-10-trend-agricultural-biological-market-139215554.html,USD 9.9 billion,USD 18.9 billion,13.7%
47,"Agricultural Biologicals Market by Function (Biocontrol, Biofertilizers, Biostimulants), Product Type (Microbials, Macrobials, Semiochemicals, Natural), Mode of Application (Foliar spray, Soil and Seed treatment), Crop Type, and Region - Global Forecast to 2025",https://www.marketsandmarkets.com/Market-Reports/agricultural-biological-market-100393324.html,USD 8.8 billion,USD 18.9 billion,13.6%
48,"Seed Processing Market by Type (Seed Treatment, Seed Coating Material), Crop Type (Cereals & Grains, Oilseeds & Pulses, Vegetables, Flowers & Ornamentals), Equipment (Cleaners, Gravity-separators, Graders, De-stoners), & Region  Global Forecast to 2025",https://www.marketsandmarkets.com/Market-Reports/seed-processing-market-16710368.html,USD 9.1 billion,USD 16.6 billion,10.6%
49,"Seed Coating Market by Additive (Polymers, Colorants, Pellets, Minerals/Pumice, Active Ingredients), Process (Film Coating, Encrusting, Pelleting), Active Ingredient (Protectants and Phytoactive Promoters), Crop Type, Region - Global Forecast to 2025",https://www.marketsandmarkets.com/Market-Reports/seed-coating-materials-market-149045530.html,USD 1.8 billion,USD 3.0 billion,8.5%
50,"Fungicides Market by Type (Chemical and Biological), Crop Type (Cereals & Grains, Oilseeds & Pulses, Fruits & Vegetables), Mode of Action (Contact & Systemic), Mode of Application, Form, and Region - Global Forecast to 2025 ",https://www.marketsandmarkets.com/Market-Reports/fungicides-356.html,USD 18.7 billion,USD 24.5 billion,4.6%
51,"Feed Antioxidants Market by Type Synthetic (BHT, BHA, Ethoxyquin, and Propyl Gallate) and Natural (Carotenoids, Tocopherols, Botanical Extracts, and Vitamins), Animal (Poultry, Swine, Aquaculture, Cattle, and Pets), Form, Region - Global Forecast to 2025",https://www.marketsandmarkets.com/Market-Reports/animal-feed-antioxidants-market-138013648.html,USD 356 million,USD 474 million,4.9%
52,"Agricultural Chelates Market by Type (EDTA, EDDHA, DTPA, IDHA), Application (Soil, Seed Dressing, Foliar Sprays, Fertigation), Micronutrient Type (Iron, Manganese), Crop Type, End Use, and Region  Global Forecast to 2025",https://www.marketsandmarkets.com/Market-Reports/agricultural-chelates-market-187423817.html,USD 0.9 billion,USD 1.5 billion,7.7%
53,"Organic Feed Market by Type (Cereals & Grains, Oilseeds), Form (Pellets, Crumbles, Mashes), Livestock (Poultry, Ruminants, Swine, Aquatic Animals), Additives (Amino Acids, Enzymes, Vitamins, Minerals, Phytogenics), and Region  Global Forecast to 2025",https://www.marketsandmarkets.com/Market-Reports/organic-feed-market-158519224.html,USD 6.8 billion,USD 10.1 billion,6.8%
54,"Soil Testing Equipment Market by End-user Industry (Agriculture, Construction, Environment), Type of Tests (Physical, Residual, Chemical), Site (Lab, On-Site), Degree of Automation (Automatic, Manual), and Region  Global Forecast to 2025",https://www.marketsandmarkets.com/Market-Reports/soil-testing-equipment-market-246855452.html,USD 3.3 billion,USD 6.2 billion,10.8%
55,"Pheromones Market in Agriculture by Crop Type (Field Crops, Fruits & Nuts, Vegetable Crops), Function (Mating Disruption, Mass Trapping, Detection & Monitoring), Mode of Application (Traps, Dispensers, Sprays), Type, and Region - Global Forecast to 2025",https://www.marketsandmarkets.com/Market-Reports/pheromone-market-11243275.html,USD 2.4 billion,USD 5.7 billion,15.3%
56,"Feed Premix Market by Ingredient Type (Vitamins, Minerals, Amino Acids, Antibiotics, Antioxidants, and Others), Livestock (Poultry, Ruminants, Swine, Aquatic Animals, Equine, and Pets), Form (Dry and Liquid), and Region - Global Forecast to 2025",https://www.marketsandmarkets.com/Market-Reports/feed-premixes-market-170749996.html,USD 21.6 billion,USD 30.9 billion,6.2%
57,"Agricultural Enzymes Market by Type (Phosphatases, Dehydrogenases, Sulfatases), Product Type (Fertility Products, Growth Enhancing Products), Crop Type (Cereals & Grains, Oilseeds & Pulses, Turf & Ornamentals), and Region - Global Forecast to 2022",https://www.marketsandmarkets.com/Market-Reports/agricultural-enzymes-market-180483493.html,USD 279.2 Million,NA,11.2%
58,"Tetrakis (Hydroxymethyl) Phosphonium Sulfate Market by Application (Oil & Gas, Water Treatment, Leather, Textile), by Function (Biocide, Iron Sulfide Scavenger, Flame Retardant, Tanning Agent) and Region - Global Forecast 2025",https://www.marketsandmarkets.com/Market-Reports/tetrakis-hydroxymethyl-phosphonium-sulfate-thps-market-64575638.html,USD 202 million,USD 279 million,None
59,"Plant Genomics Market by Objective (Extraction, Sequencing, Genotyping, Gene Expression, MAS, and GMO-trait Purity Testing), Type (Molecular Engineering and Genetic Engineering), Trait, Application, and Region - Global Forecast 2025",https://www.marketsandmarkets.com/Market-Reports/plant-genomics-market-239362357.html,USD 7.3 billion,USD 11.7 billion,8.3%
60,"NPK Fertilizers (feed-grade and food-grade) Market by Application (Bakery Products, Meat & Meat Products, Dairy Products, and Beverages), Form (Powder, Liquid, and Others), Type (Nitrogen, Phosphorus, Potassium, and Others), and Region-Global Forecast to 2023",https://www.marketsandmarkets.com/Market-Reports/npk-fertilizers-market-197135673.html,USD 2.4 billion,USD 2.9 billion,1.4.0%
61,"Animal Disinfectants Market by Type (Iodine, Lactic Acid, Hydrogen peroxide, Phenolic Acid), Application (Dairy Cleaning, Swine, Poultry, Equine, Dairy and Ruminants, Aquaculture), Form (Liquid, Dry), and Region - Global Forecast to 2025",https://www.marketsandmarkets.com/Market-Reports/animal-disinfectant-market-38718363.html,USD 4.4 billion,NA,6.9%
62,"Crop Oil Concentrates Market by Application (Herbicides, Insecticides, and Fungicides), Crop Type (Cereals & grains, Oilseeds & Pulses, and Fruits & Vegetables), Surfactant Concentration, and Region - Global Forecast to 2025",https://www.marketsandmarkets.com/Market-Reports/crop-oil-concentrate-market-37560923.html,USD 199 million,USD 254 million,4.1%
63,"Feed Anticoccidials Market by Livestock (Poultry, Ruminant, Swine), Type (Monensin, Salinomycin, Narasin, Diclazuril), Form (Dry, Liquid), Source (Chemical, Natural), Mode of Consumption (Oral, Injection) And Region - Global Forecast to 2025",https://www.marketsandmarkets.com/Market-Reports/feed-anticoccidial-market-7588201.html,USD 331 million,USD 429 million,4.4%
64,"Plasma Feed Market by Source (Porcine, Bovine, and Others), Application (Swine Feed, Pet Food, Aquafeed, and Others (Includes Ruminant and Poultry Feed)), Region (North America, Europe, Asia Pacific, and Rest of the World) - Global Forecast to 2025",https://www.marketsandmarkets.com/Market-Reports/plasma-feed-market-205516339.html,USD 2.1 billion,USD 2.9 billion,None
65,"Sprinkler Irrigation Systems Market by Type (Center Pivot, Lateral Move, Solid Set), Crop Type (Cereals, Oilseeds & Pulses, Fruits & Vegetables), Field Size (Small, Medium, Large), Mobility (Stationary, Towable), and Region - Global Forecast to 2025",https://www.marketsandmarkets.com/Market-Reports/mechanized-irrigation-system-market-29909492.html,USD 2.4 million,USD 2.7 billion,1.9%
66,"Blood Meal Market by Source (Poultry, Porcine, and Ruminant), Application (Poultry Feed, Porcine Feed, Ruminant Feed, and Aquafeed), Process (Solar Drying, Drum Drying, Ring & Flash Drying, and Spray Drying), and Region - Global Forecast to 2025",https://www.marketsandmarkets.com/Market-Reports/blood-meal-market-84855008.html,USD 1.8 billion,USD 2.1 billion,3.0%
67,"Pest Control Market by Pest Type (Insects, Rodents, Termites, Wildlife), Control Method (Chemical, Mechanical, Biological), Mode Of Application (Sprays, Traps, Baits), Application (Residential, Commercial, Industrial), Region  Global Forecast to 2025",https://www.marketsandmarkets.com/Market-Reports/pest-control-market-144665518.html,USD 20.5 Billion,USD 27.5 Billion,None
68,"Biostimulants Market by Active Ingredient (Humic Substances, Amino Acids, Seaweed Extracts, Microbial Amendments), Crop Type (Fruits & Vegetables, Cereals, Turf & Ornamentals), Application Method, Form, and Region  Global Forecast to 2025",https://www.marketsandmarkets.com/Market-Reports/biostimulant-market-1081.html,USD 2.6 billion,USD 4.9 billion,11.24%
69,"Probiotics in Animal Feed Market by Livestock (Poultry, Ruminants, Swine, Aquaculture, Pets), Source (Bacteria [Lactobacilli, Streptococcus Thermophilus, Bifidobacteria] and Yeast & Fungi), Form (Dry and Liquid), and Region - Global Forecast to 2025",https://www.marketsandmarkets.com/Market-Reports/probiotics-animal-feed-market-85832335.html,USD 4.6 billion,USD 7.0 billion,7.4%
70,"Feed Additives Market by Type (Amino Acids, Phosphates, Vitamins, Acidifiers, Carotenoids, Enzymes, Mycotoxin Detoxifiers, Flavors & Sweeteners, Minerals, Antioxidants), Livestock, Form, Source, and Region - Global Forecast to 2023",https://www.marketsandmarkets.com/Market-Reports/feed-additives-market-870.html,USD 33.0 billion,USD 44.3 billion,6.1%
71,"Catalyst Fertilizers Market by Fertilizer Production Process (Haber-Bosch Process, Contact Process), Metal Group (Base Metals, Precious Metals), Fertilizer Application (Nitrogenous, Phosphatic), and Region  Global Forecast to 2023",https://www.marketsandmarkets.com/Market-Reports/catalyst-fertilizer-market-225910652.html,USD 2.3 billion,USD 2.5 billion,2.36%
72,"Smart Harvest Market by Site of Operation (On-field, Greenhouse, Indoor), Component (Harvesting Robots, Automation & Control Systems, Imaging Systems, Sensors, Software), Crop Type (Fruits and Vegetables), and Region - Global Forecast to 2023",https://www.marketsandmarkets.com/Market-Reports/smart-harvest-market-7445954.html,USD 15.6 billion,USD 9.0 billion,11.81%
73,"Feed Acidulants Market by Type (Propionic Acid, Formic Acid, Citric Acid, Lactic Acid, Sorbic Acid, Malic Acid, and Acetic Acid), Animal Type (Poultry, Ruminants, Swine, Aquaculture, Pets, and Equine), Compound, Form, and RegionGlobal Forecast to 2023",https://www.marketsandmarkets.com/Market-Reports/feed-acidulants-market-268013619.html,USD 2.7 billion,USD 3.5 billion,5.1%
74,"Livestock Grow Lights Market by Type (Fluorescent, Light-Emitting Diode (LED), Incandescent, and Hid), Livestock (Cattle, Poultry, Swine, and Others), Installation Type (Retrofit and New Installation), and Region - Global Forecast to 2023",https://www.marketsandmarkets.com/Market-Reports/livestock-grow-lights-market-77298993.html,USD 6.3 billion,USD 8.6 billion,6.4%
75,"Pesticide Inert Ingredients Market by Type (Emulsifiers, Solvents, and Carriers), Source (Synthetic and Bio-based), Form (Dry and Liquid), Pesticide Type (Herbicides, Insecticides, Fungicides, and Rodenticides), and Region - Global Forecast to 2023",https://www.marketsandmarkets.com/Market-Reports/pesticide-inert-ingredient-market-176580687.html,USD 3.5 billion,USD 4.7 billion,6.14%
76,"Automated Feeding Systems Market by Livestock (Ruminants, Swine, Poultry), Function (Controlling, Mixing, Filling and Screening), Offering, Technology, Integration, Type, and Region (North America, Europe, Asia Pacific, Row) - Global Forecast to 2023",https://www.marketsandmarkets.com/Market-Reports/automated-feeding-systems-market-114140240.html,USD 5.1 billion,USD 7.4 billion,None
77,"Plant Breeding and CRISPR Plants Market by Type (Conventional and Biotechnological [Hybrid, Molecular Breeding, GM, Genome Editing]), Trait (Herbicide Tolerance, Disease Resistance, and Yield Improvement), Application, and Region - Global Forecast to 2023",https://www.marketsandmarkets.com/Market-Reports/plant-breeding-crispr-plants-market-256910775.html,USD 7.6 billion,USD 14.6 billion,13.95%
78,"Cotton Processing Market by Product (Lint, Cottonseed), Application (Textiles, Medical & surgical, Feed, Consumer goods), Equipment [Ginning (Saw, Roller), Spinning], Operation (Automatic, Semi-automatic), and Region  Global Forecast to 2023",https://www.marketsandmarkets.com/Market-Reports/cotton-processing-market-223254896.html,USD 59.7 billion,USD 72.6 billion,4.0%
79,"Biofortification Market by Crop (Sweet Potato, Cassava, Rice, Corn, Wheat, Beans, and Pearl Millet), Target Nutrient (Zinc, Iron, and Vitamins), and Region (Latin America, Africa, and Asia Pacific) - Global Forecast to 2023",https://www.marketsandmarkets.com/Market-Reports/biofortification-market-38080924.html,USD 78 million,USD 118 million,8.6%
80,"Feed Packaging Market by Pet (Dogs, Cats, Fish, and Birds), Livestock (Poultry, Ruminants, and Swine), Type (Flexible and Rigid), Feed Type (Dry, Wet, Pet Treats, and Chilled & Frozen), Material, and Region - Global Forecast to 2023",https://www.marketsandmarkets.com/Market-Reports/feed-packaging-market-187589113.html,USD 13.8 billion,USD 17.8 billion,5.2%
81,"Tractor Implements Market by Phase (Tillage, Irrigation and Crop Protection, Sowing and Planting, Harvesting and Threshing), Drive (2-Wheel and 4-Wheel Drive), Power (Powered and Unpowered), and Region - Global Forecast to 2023",https://www.marketsandmarkets.com/Market-Reports/tractor-implement-market-248809422.html,USD 57.3 billion,USD 76.1 billion,5.84%
82,"Liquid Milk Replacers Market by Type (Medicated and Non-Medicated), Livestock (Calves, Piglets, Kittens, Puppies, Foals, Kids & Lambs), and Region (North America, Europe, Asia Pacific and Rest of the World) - Global Forecast to 2023",https://www.marketsandmarkets.com/Market-Reports/liquid-milk-replacer-market-58221439.html,USD 188 million,USD 243 million,5.3%
83,"Molluscicides Market by Type (Chemical (Metaldehyde, Methiocarb, Ferric Phosphate) and Biological Molluscicides), Application (Agricultural and Non-Agricultural), Form (Pellets, and Liquid & Gel), and Region - Global Trends & Forecast to 2023",https://www.marketsandmarkets.com/Market-Reports/molluscicide-market-177621172.html,USD 587.8 million,USD 727.8 million,None
84,"Grain Protectants Market by Control Method (Chemical (Insecticides, Fumigants, Rodenticides), Physical (Traps, Baits, Aeration, Heat Treatment), Biological), Target Pest (Insects, Rodents), Grain Type, and Region - Global Forecast to 2023",https://www.marketsandmarkets.com/Market-Reports/grain-protectant-market-127962532.html,USD 572.7 million,USD 726.1 million,None
85,"Rice Seeds Market by Type (Hybrid and Open-Pollinated Varieties), Grain Size (Long, Medium, and Short), Hybridization Technique (Two-Line and Three-Line), Treatment (Treated and Untreated Seeds), and Region - Global Forecast To 2023",https://www.marketsandmarkets.com/Market-Reports/rice-seed-market-129962473.html,USD 5.47 billion,USD 7.62 billion,6.85%
86,"Herbicide Safeners Market by Type (Benoxacor, Dichlormid, Furilazole, and Isoxadifen), Herbicide Application Stage, Herbicide Selectivity, Crops (Soybean, Corn, Wheat, Sorghum, Barley, and Rice), and Region-Global Forecast to 2023",https://www.marketsandmarkets.com/Market-Reports/herbicide-safener-market-206068217.html,USD 796.5 million,"USD 1,206.7 million",7.22%
87,"Forage Analysis Market by Target (Nutrients (Vitamins, Minerals, Crude Protein, Fiber, and TDN), Dry Matter, and Mycotoxin)), Livestock (Cattle, Equine, and Sheep), Forage (Ration, Hay, and Silage), Method (Wet Chemistry and NIRs), and Region - Global Forecast to 2023",https://www.marketsandmarkets.com/Market-Reports/forage-analysis-market-71711773.html,USD 661.1 million,USD 515.5 million,None
88,"Aquaculture Market by Rearing Product Type (Equipment, Chemicals, Pharmaceuticals, Fertilizers), Culture (Freshwater, Marine, Brackish Water), Species (Aquatic Animals, Aquatic Plants), Production Type, and Region - Global Forecast to 2023",https://www.marketsandmarkets.com/Market-Reports/aquaculture-product-market-2224024.html,USD 42.56 billion,USD 30.10 billion,7.2%
89,"Molecular Breeding Market by Process (QTL Mapping, Marker-Assisted Selection, Marker-Assisted Backcrossing, and Genomic Selection), Marker (SNP, SSR), Application (Crop Breeding and Livestock Breeding), and Region-Global Forecast to 2023",https://www.marketsandmarkets.com/Market-Reports/molecular-breeding-market-168846611.html,USD 1.79 billion,USD 3.95 billion,17.11%
90,"Plant Phenotyping Market by Product (Equipment (Site, Platform/Carrier, Application, Analysis System, Automation Level), Sensor (Image Sensors, NDVI Sensors, Temperature Sensors), and Software), Service, and Region - Global Forecast to 2023",https://www.marketsandmarkets.com/Market-Reports/plant-phenotyping-market-236591018.html,USD 158.2 million,USD 268.1 million,None
91,"Feed Acidifiers Market by Type (Propionic Acid, Formic Acid, Lactic Acid, Citric Acid, Sorbic Acid, Malic Acid), Form (Dry, Liquid), Compound (Blended, Single), Livestock (Poultry, Swine, Ruminants, Aquaculture), and Region - Global Forecast to 2023",https://www.marketsandmarkets.com/Market-Reports/feed-acidifiers-market-163262152.html,USD 2.73 billion,USD 3.50 billion,5.1%
92,"Termite Bait Systems Market by Termite Type (Subterranean, Dampwood, Drywood), Station Type (In-Ground, Above-Ground), Application (Commercial & Industrial, Residential, Agriculture & Livestock Farms), and Region - Global Forecast to 2023",https://www.marketsandmarkets.com/Market-Reports/termite-bait-system-market-211702476.html,USD 260.8 million,USD 342.5 million,None
93,"Miticides Market by Crop Type (Fruits & Vegetables, Cereals & Grains, and Oilseeds & Pulses), Mode of Application (Foliar Spray and Soil Treatment), Source (Biological and Chemical), Form (Dry and Liquid), and Region - Global Forecast to 2023 ",https://www.marketsandmarkets.com/Market-Reports/miticide-market-132892934.html,USD 1.55 Billion,USD 1.17 Billion,None
94,"Feed Phosphates Market by Type (Dicalcium, Monocalcium, Mono-dicalcium, Defluorinated, and Tricalcium), Livestock (Ruminants, Swine, Poultry, and Aquaculture), Form (Powder and Granule), and Region - Global Forecast to 2024",https://www.marketsandmarkets.com/Market-Reports/feed-phosphate-market-2507098.html,USD 2.25 Billion,USD 2.80 Billion,3.7%
95,"Agricultural Packaging Market by Material (Plastic, Metal, Paper & Paperboard, Composites), Product (Pouches & Bags, Drums, Bottles & Cans), Barrier Strength (Low, Medium, High), Application, and Region - Global Forecast to 2023",https://www.marketsandmarkets.com/Market-Reports/agricultural-packaging-market-181856573.html,USD 3.93 Billion,USD 5.02 Billion,None
96,"Larvicides Market by Control Method (Biocontrol Agents, Chemical Agents, Insect Growth Regulators), Target (Mosquitoes, Flies), End-use Sector (Public Health, Agricultural, Commercial, Residential, Livestock), and Region - Global Forecast to 2023",https://www.marketsandmarkets.com/Market-Reports/larvicide-market-193619828.html,USD 751.6 Million,USD 952.7 Million,4.86%
97,"Plant Activators Market by Crop Type (Fruits & Vegetables, Cereals & Grains, Oilseeds & Pulses, Turf & Ornamentals), Mode of Application (Foliar Spray, Soil Treatment), Source (Biological, Chemical), Form, and Region - Global Forecast to 2023",https://www.marketsandmarkets.com/Market-Reports/plant-activator-market-103570996.html,USD 878.38 Million,USD 636.76 Million,None
98,"Vector Control Market by Vector Type (Insects and Rodents), End-use Sector (Commercial & Industrial and Residential), Method of Control (Chemical, Physical & Mechanical, and Biological), and Region  Global Forecast to 2023",https://www.marketsandmarkets.com/Market-Reports/vector-control-market-265146798.html,USD 15.12 Billion,NA,5.13%
99,"Distillers Grains Market by Type (Dried Distillers Grains with Solubles, Dried Distillers Grains, and Wet Distillers Grains), Source (Corn and Wheat), Livestock (Ruminants, Swine, and Poultry), and Region - Global Forecast to 2023",https://www.marketsandmarkets.com/Market-Reports/distiller-grain-market-19379654.html,USD 10.78 Billion,USD 14.95 Billion,6.8%
100,"Dust Control Systems Market by Type (Wet and Dry), Mobility (Mobile Controllers and Fixed Controllers), End-use Industry (Construction, Mining, Oil & Gas, Chemical, Textile, Pharmaceutical, and Food & Beverage), and Region  Global Forecast to 2023",https://www.marketsandmarkets.com/Market-Reports/dust-control-systems-market-8793324.html,USD 20.08 Billion,USD 15.67 Billion,5.08%
101,"Artificial Grass Market by Installation (Flooring, Wall Cladding), Fiber Base Material (Polyethylene, Polypropylene, Nylon), Application (Contact Sports, Non-contact Sports, Leisure, Landscaping), Infill Material, and Region - Global Forecast to 2022 ",https://www.marketsandmarkets.com/Market-Reports/artificial-grass-market-238480246.html,USD 3.20 Billion,USD 4.45 Billion,6.8%
102,"Insect Pest Control Market by Insect Type (Termites, Mosquitoes, Cockroaches, Bedbugs, Ants, Flies), Control Method (Chemical, Physical, Biological), Application (Commercial & Industrial, Residential, Livestock Farms), and Region - Global Forecast to 2023",https://www.marketsandmarkets.com/Market-Reports/insect-pest-control-market-26785207.html,USD 13.10 Billion,USD 17.60 Billion,5.05%
103,"Soil Aerators Market by Equipment Type (Secondary Tillage, Primary Tillage, Weeding, Soil Aerating), Application (Agriculture, Non-Agriculture), Mechanism (Mechanical, Pneumatic), Mode Of Operation (Mounted, Trailed), and Region - Global Forecast to 2023",https://www.marketsandmarkets.com/Market-Reports/soil-aerator-market-116962473.html,USD 24.03 billion,USD 33.01 billion,6.6%
104,"Agricultural Surfactants Market by Type (Non-ionic, Anionic, Cationic, Amphoteric), Application (Herbicides, Fungicides), Substrate Type (Synthetic, Bio-based), Crop Type (Cereals & Grains, Fruits & Vegetables), and Region - Global Forecast to 2022",https://www.marketsandmarkets.com/Market-Reports/agricultural-surfactants-market-52947416.html,USD 1.37 Billion,USD 1.88 Billion,None
105,"Biorational Pesticides Market by Source (Botanical, Microbial, Non-organic), Type (Insecticides, Fungicides, Nematicides), Mode of Application (Foliar Spray, Soil Treatment, Trunk Injection), Formulation, Crop Type, and Region - Global Forecast to 2022",https://www.marketsandmarkets.com/Market-Reports/biorational-pesticide-market-57324225.html,USD 2.48 Billion,USD 5.02 Billion,12.5%
106,"Precision Viticulture Market by Technology (Guidance Systems, Remote Sensing, VRT), Application (Yield Monitoring, Field Mapping, Weather Tracking & Forecasting), Product/Service (Hardware, Software, Services) - Global Forecast to 2022",https://www.marketsandmarkets.com/Market-Reports/precision-viticulture-market-116965282.html,"USD 1,546.6 Million","USD 1,014.0 Million",8.81%
107,"Agricultural Testing Market by Sample (Soil, Water, Seed, Compost, Manure, Biosolids, Plant Tissue), Application (Safety Testing (Toxins, Pathogens, Heavy Metals), Quality Assurance), Technology (Conventional, Rapid), and Region - Global Forecast to 2022",https://www.marketsandmarkets.com/Market-Reports/agricultural-testing-market-203945812.html,USD 4.56 Billion,USD 6.29 Billion,6.64%
108,"Feed Processing Market by Type (Cleaning & Sorting, Grinding, Mixing, Conditioning & Expanding, Dosing & Batching, Pelleting, Extrusion), Mode of Operation, Livestock, Form of Feed, and Region - Global Forecast to 2023",https://www.marketsandmarkets.com/Market-Reports/feed-processing-market-165008205.html,USD 21.61 Billion,USD 26.62 Billion,4.3%
109,"Secondary Macronutrients Market by Nutrient (Calcium, Magnesium, and Sulfur), Form (Dry and Liquid), Application Method (Solid Application and Liquid Application), Crop Type (Cereals & Grains and Oilseeds & Pulses), and Region - Global Forecast to 2022",https://www.marketsandmarkets.com/Market-Reports/secondary-macronutrient-market-45874881.html,USD 30.86 Billion,USD 37.12 Billion,3.76%
110,"Soil Stabilization Market by Method (Mechanical and Chemical), Application (Industrial, Non-agricultural, and Agricultural), Additive (Polymer and Mineral & Stabilizing Agents), and Region (APAC, North America, Europe) - Global Forecast to 2022",https://www.marketsandmarkets.com/Market-Reports/soil-stabilization-market-23555531.html,USD 27.80 Billion,USD 22.09 Billion,None
111,"Aquatic Herbicides Market by Type (Glyphosate, 2,4-D, Imazapyr, Diquat, Triclopyr), Application Method (Foliar, Submerged), Application (Agricultural Waters, Fisheries, Recreational Waters), Mode of Action, and Region - Global Forecast to 2022",https://www.marketsandmarkets.com/Market-Reports/aquatic-herbicide-market-182444792.html,USD 501.2 Million,USD 696.4 Million,6.8%
112,"Autonomous Tractors Market by Power Output (Up to 30 HP, 31100 HP, 101 HP and Above), Crop Type (Cereals & Grains, Oilseeds & Pulses, Fruits & Vegetables), Farm Application, Component, and Region - Global Forecast to 2025",https://www.marketsandmarkets.com/Market-Reports/autonomous-tractor-market-152038487.html,NA,NA,None
113,"Process Equipment Market for Seed Industry by Type (Cleaners, Dryers, Coaters, Graders, Separators, and Polishers), Crop Type (Cereals & Grains, Oilseeds & Pulses, and Fruits & Vegetables), Method, and Region - Global Forecast to 2022",https://www.marketsandmarkets.com/Market-Reports/seed-process-equipment-market-112191741.html,USD 51.63 Billion,USD 91.32 Billion,10.2%
114,"Plant Growth Chambers Market by Equipment Type (Reach-in, Walk-in), Application (Short Plants, Tall Plants), End Use (Clinical, Academic), Function (Plant Growth, Environmental Optimization), and Region - Global Forecast to 2022",https://www.marketsandmarkets.com/Market-Reports/plant-growth-chamber-market-76029154.html,USD 485.6 Million,USD 398.2 Million,4.0%
115,"Irrigation Controllers Market by Type (Weather-based and Sensor-based), Product (Smart Controllers, Tap Timers, and Basic Controllers), Application (Non-agriculture and Agriculture), Irrigation Type, and Region - Global Forecast to 2022",https://www.marketsandmarkets.com/Market-Reports/irrigation-controller-market-185648236.html,USD 529.2 Million,"USD 1,186.6 Million",17.53%
116,"Microencapsulated Pesticides Market by Type (Herbicides, Insecticides, Fungicides, and Rodenticides), Technology (Physical, Physico-chemical, and Chemical), Application Sector (Agricultural and Non-agricultural), and Region - Global Forecast to 2022",https://www.marketsandmarkets.com/Market-Reports/microencapsulated-pesticide-market-108137381.html,USD 312.5 Million,USD 539.5 Million,None
117,"Pet Food Extrusion Market by Extruded Pet Food Products (Type (Complete Diets and Treats), Animal Type (Dogs, Cats, Fish, and Birds), and Ingredient), by Pet Food Extruder Equipment (Type (Single and Twin Screw)), and Region - Global Forecast to 2022",https://www.marketsandmarkets.com/Market-Reports/pet-food-extrusion-market-264161682.html,USD 55.21 Billion,USD 72.64 Billion,5.6%
118,"Plant Growth Regulators Market by Type (Auxins, Cytokinins, Gibberellins, Ethylene), Crop Type (Cereals & Grains, Fruits & Vegetables, Oilseeds & Pulses, Turf & Ornamentals), Formulation, Function, Origin, and Region - Forecast to 2022",https://www.marketsandmarkets.com/Market-Reports/plant-growth-regulators-market-94580110.html,USD 2.93 Billion,NA,6.8%
119,"Automatic Feeding Market by Feeding Line (Controllers, Mixers, Distributors, Conveyors), Individual Feeding Equipment (Equine Feeders, Cow Feeders, Waterers), Livestock (Poultry, Swine, Fish, Ruminants, Equine), and Region - Global Forecast to 2022",https://www.marketsandmarkets.com/Market-Reports/automatic-feeding-market-127391988.html,USD 4.08 Billion,USD 6.30 Billion,7.5%
120,"Agricultural Fumigants Market by Product Type (Methyl Bromide, Phosphine, Chloropicrin), Crop Type (Cereals, Oilseeds, Fruits), Application (Soil, Warehouse), Pest Control Method (Tarpaulin, Non-Tarp, Vacuum), and Region - Global Forecast to 2022",https://www.marketsandmarkets.com/Market-Reports/agricultural-fumigant-market-87798928.html,USD 1.52 Billion,USD 1.94 Billion,4.10%
121,"Silage Additives Market by Type (Inoculants, Organic Acids, Sugars, Absorbents, NPN Nutrients), Silage Crop (Corn, Alfalfa, Sorghum, Oats, Barley, Rye) Function (Stimulation, Inhibition), Form, and Region - Global Forecast to 2022",https://www.marketsandmarkets.com/Market-Reports/silage-additive-market-231745563.html,USD 1.62 Billion,USD 2.00 Billion,4.40%
122,"Compound Feed Market by Ingredient (Cereals, Cakes & Meals, By-products, and Supplements), Form (Mash, Pellets, and Crumbles), Livestock (Ruminants, Swine, Poultry, and Aquaculture), Source, and Region - Global Forecast to 2022",https://www.marketsandmarkets.com/Market-Reports/compound-feed-market-12564156.html,USD 412.42 Billion,USD 530.92 Billion,4.4%
123,"Feed Amino Acids Market by Type (Lysine, Methionine, Threonine, Tryptophan), Livestock (Ruminants, Swine, Poultry, Aquaculture), Form (Dry, Liquid), and Region (North America, Europe, Asia Pacific, South America and RoW) - Forecast to 2022",https://www.marketsandmarkets.com/Market-Reports/feed-amino-acids-market-116585197.html,USD 5.18 Billion,USD 6.66 Billion,4.4%
124,"Feed Flavors and Sweeteners Market by Type (Feed Flavors and Feed Sweeteners), Livestock (Ruminants, Swine, Poultry, Aquatic Animals), Form (Dry and Liquid), Source (Natural and Synthetic) and Region - Global Forecast to 2022",https://www.marketsandmarkets.com/Market-Reports/feed-flavors-sweeteners-market-101817133.html,"USD 1,198.9 Million","USD 1,463.0 Million",3.4%
125,"Potash Fertilizers Market by Type (Potassium Chloride, Sulfate of Potash, Potassium Nitrate), Crop Type (Cereals & Grains, Oilseeds & Pulses, Fruits & Vegetables), Application Method, Form, and Region - Global Forecast to 2022",https://www.marketsandmarkets.com/Market-Reports/potash-fertilizer-market-35790308.html,USD 21.6 Billion,USD 26.87 Billion,4.47%
126,"Variable Rate Technology (VRT) Market by Type, Offering, Crop Type (Cereals & Grains, Oilseeds & Pulses, and Fruits & Vegetables), Application Method (Map-based and Sensor-based), Farm Size (Large, Mid-sized, Small), and Region - Global Forecast to 2022",https://www.marketsandmarkets.com/Market-Reports/variable-rate-technology-market-178591689.html,USD 2.24 Billion,NA,9.65%
127,"Complex Fertilizers Market by Type (Incomplete, Complete), Crop Type (Cereals, Oilseeds, Fruits & Vegetables), Form (Solid, Liquid), and Region (North America, Europe, Asia-Pacific, South America, and Rest of the World) - Forecast to 2022",https://www.marketsandmarkets.com/Market-Reports/complex-fertilizers-market-256487996.html,USD 44.03 Billion,USD 54.32 Billion,6.5%
128,"Organic Fertilizers Market by Source (Plant, Animal, and Mineral), Form (Dry and Liquid), Crop Type (Cereals & Grains, Oilseeds & Pulses, and Fruits & Vegetables), and Region (North America, Europe, Asia-Pacific, and RoW) - Global Forecast to 2022",https://www.marketsandmarkets.com/Market-Reports/organic-fertilizer-Market-171744317.html,USD 11.16 Billion,NA,12.08%
129,"Planting Equipment Market by Type (Air Seeders, Seed Drills, Planters), Design (Automatic and Mechanical), Crop Type (Cereals & Grains, Oilseeds & Pulses, Fruits & Vegetables), and Region - Global Forecast to 2022",https://www.marketsandmarkets.com/Market-Reports/planting-equipment-market-26629474.html,USD 15.82 Billion,USD 21.43 Billion,None
130,"Insecticide Seed Treatment Market by Type (Chemical and Biological), Application Technique (Dressing, Coating, and Pelleting), Form (Liquid and Dry), Crop Type (Cereals & Oilseeds and Fruits & Vegetables), and Region - Global Forecast to 2022",https://www.marketsandmarkets.com/Market-Reports/insecticide-seed-treatment-market-202113976.html,USD 2.73 Billion,USD 5.04 Billion,11.3%
131,"Dry Milling Market for Corn by End Product (Ethanol, DDGS, Corn Grits, Cornmeal, and Corn Flour), Application (Fuel, Food, and Feed), Source (Yellow Corn and White Corn), and Region - Global Forecast to 2022",https://www.marketsandmarkets.com/Market-Reports/dry-milling-market-155111963.html,USD 67.73 Billion,USD 88.61 Billion,None
132,"Seed Treatment Fungicides Market by Type (Chemical (Benzimidazoles, Dithiocarbamates), Biological), Crop Type (Cereals & Grains, Oilseeds & Pulses), Application Technique (Coating, Dressing, Pelleting), Form, and Region - Global Forecast to 2022",https://www.marketsandmarkets.com/Market-Reports/seed-treatment-fungicides-market-67471624.html,USD 1.13 Billion,NA,9.24%
133,"Turf Protection Market by Solution (Biological, Chemical, and Mechanical), Product (Stress protection, Pest Protection, and Scarification), Mode of Application (Seed, Foliar, and Soil), and Region - Global Forecast to 2022",https://www.marketsandmarkets.com/Market-Reports/turf-protection-market-86414374.html,USD 5.15 Billion,USD 6.41 Billion,None
134,"Termite Control Market by Species Type (Subterranean, Dry Wood, Dampwood), Control Method (Chemical, Physical & Mechanical, Biological), Application (Commercial & Industrial, Residential, Agriculture & Livestock Farms), and Region - Global Forecast to 2022",https://www.marketsandmarkets.com/Market-Reports/termite-control-market-90550477.html,USD 2.96 Billion,USD 4.11 Billion,5.6%
135,"Silk Market by Type (Mulberry Silk, Tussar Silk, and Eri Silk), Application (Textile, and Cosmetics & Medical), and Region (Asia-Pacific, North America, Europe, Middle East & Africa, and South America) - Global Forecast to 2021",https://www.marketsandmarkets.com/Market-Reports/silk-market-110379892.html,USD 16.94 Billion,NA,7.8%
136,"Beneficial Insects (Macrobials) Market by Type (Predators, Parasitoids, Pathogens, and Pollinators), Application (Crop Protection and Crop Production), and Region - Global Forecast to 2022",https://www.marketsandmarkets.com/Market-Reports/beneficial-insects-market-186836772.html,USD 481.4 Million,USD 788.0 Million,None
137,"Milk Replacers Market by Type (Medicated, and Non-Medicated), Livestock (Ruminants, and Swine), Source (Milk-based, Non milk-based, and Blended), Form (Powdered, and Liquid), and Region - Global Forecast to 2022",https://www.marketsandmarkets.com/Market-Reports/milk-replacer-market-245424439.html,USD 3.54 Billion,NA,7.59%
138,"Insect Growth Regulators Market by Type (Chitin Synthesis Inhibitors, Juvenile Hormone Analogs & Mimics, Anti-juvenile Hormone Agents), Form, Application (Agricultural, Livestock Pests, Commercial Pest Control), and Region - Forecast to 2022",https://www.marketsandmarkets.com/Market-Reports/insect-growth-regulator-market-234047946.html,USD 736.3 Million,"USD 1,054.3 Million",6.16%
139,"Forage Seeds Market by Type (Alfalfa, Clover, Ryegrass, and Chicory), Livestock (Poultry, Cattle, and Swine), Species, Origin, Form, and Region - Global Forecast to 2022",https://www.marketsandmarkets.com/Market-Reports/forage-seed-market-217832344.html,USD 9.91 Billion,USD 17.37 Billion,9.81%
140,"Starter Feed Market by Type (Medicated and Non-medicated), Ingredient (Wheat, Corn, Soybean, Oats, and Barley), Livestock (Ruminants, Swine, Poultry, Aquatic, and Equine), Form (Pellets and Crumbles), and Region - Global Forecast Up to 2022",https://www.marketsandmarkets.com/Market-Reports/starter-feed-market-203095826.html,USD 21.45 Billion,USD 29.15 Billion,4.57%
141,"Antibacterial Market in Agriculture by Type (Copper-based, Dithiocarbamate, Amide, Antibiotic), Crop Type (Cereals & Grains, Oilseeds & Pulses, Fruits & Vegetables), Mode of Application (Foliar Spray and Soil Treatment), Form, and Region - Global Forecast to 2022",https://www.marketsandmarkets.com/Market-Reports/bactericide-market-in-agriculture-48939047.html,USD 9.09 Billion,USD 11.88 Billion,4.6%
142,"Herbicides Market by Type (Glyphosate, 2, 4-D, Diquat), Crop Type (Cereals & Grains, Oilseeds & Pulses, Fruits & Vegetables), Mode of Action (Non-selective, Selective), and Region - Global Forecast to 2022",https://www.marketsandmarkets.com/Market-Reports/herbicides-357.html,USD 27.21 Billion,USD 39.15 Billion,6.25%
143,"Glyphosate Market by Crop Type (Genetically Modified, Conventional), Form (Liquid, Dry), Application (Agricultural (Grains & Cereals, Oilseeds & Pulses, Fruits & Vegetables), Non Agricultural), and Region - Global Forecast to 2022",https://www.marketsandmarkets.com/Market-Reports/glyphosate-market-8522593.html,USD 9.91 Billion,NA,6.32%
144,"Glufosinate Market by Crop Type (Genetically Modified Crops, Conventional Crops), Form (Liquid Formulation, Dry Formulation), Application (Agricultural, Non Agricultural), and Region - Global Forecast to 2022",https://www.marketsandmarkets.com/Market-Reports/glufosinate-market-191789620.html,USD 1.37 Billion,NA,9.25%
145,"Nitrogenous Fertilizers Market by Type (Urea, Ammonium Nitrate, Ammonium Sulfate, and Calcium Ammonium Nitrate), Form (Liquid and Dry), Mode of Application (Soil, Foliar, and Fertigation), Crop Type, and Region - Global Forecast to 2022",https://www.marketsandmarkets.com/Market-Reports/nitrogenous-fertilizers-market-243341881.html,USD 127.00 Billion,NA,2.33%
146,"Insecticides Market by Type (Pyrethroids, Organophosphorus, Carbamates, Organochlorine, Botanicals), Crop Type, Mode of Application, Formulation (WP, EC, SC, EW, ME, GR), and Region - Global Forecast to 2022",https://www.marketsandmarkets.com/Market-Reports/insecticide-market-142427569.html,USD 19.27 Billion,NA,5.8%
147,"Medicated Feed Additives Market by Type (Antioxidants, Antibiotics, Probiotics & Prebiotics, Enzymes, Amino Acids), Livestock (Ruminants, Poultry, Swine, Aquaculture), Mixture Type, Category, and Region - Global Forecast to 2022",https://www.marketsandmarkets.com/Market-Reports/medicated-feed-additive-market-186173723.html,USD 15.32 Billion,NA,5.41%
148,"Phosphine Fumigation Market by Type (Aluminum Phosphide, Magnesium Phosphide, and Calcium Phosphide), by Application (Soil and Warehouse), by Form (Liquid and Solid), and Region - Global Trends & Forecast to 2022",https://www.marketsandmarkets.com/Market-Reports/phosphine-fumigation-market-264827063.html,USD 698.0 Million,NA,5.49%
149,"Water-Soluble Vitamin & Mineral Feed Supplements Market by Vitamin Type (Vit B Complex [B1, B2, B3, B5, B6, B9], Vit C), Mineral Type (P, K, Ca, Mg, Na, Fe, Zn, Cu, Mn), Livestock (Poultry, Swine, Ruminants, Aquaculture) - Global Forecast to 2022",https://www.marketsandmarkets.com/Market-Reports/feed-water-soluble-vitamins-minerals-market-115863639.html,USD 4.39 Billion,USD 7.20 Billion,7.24%
150,"Direct-fed Microbials (DFM) Market by Type (Lactic Acid Bacteria and Bacillus), Livestock (Pork/Swine, Poultry, Ruminant, and Aquatic Animals), Form (Dry and Liquid), and Region - Global Forecast to 2022",https://www.marketsandmarkets.com/Market-Reports/direct-fed-microbial-market-91112718.html,"USD 1,399.6 Million",NA,6.96%
151,"Oilseed Processing Market by Oilseed Type (Soybean, Rapeseed, Sunflower, and Cottonseed), Process (Mechanical and Chemical), Application (Food, Feed, and Industrial), and Region - Global Forecast to 2022",https://www.marketsandmarkets.com/Market-Reports/oilseed-processing-market-245788232.html,USD 344.37 Billion,NA,7.37%
152,"Hybrid Seeds Market by Crop Type (Cereals & Grains, Fruits & Vegetables, and Oilseeds), Duration (Short-Term, Medium-Term, and Long-Term), Seed Treatment (Treated and Untreated), Farm Type, and Region - Global Forecast to 2022",https://www.marketsandmarkets.com/Market-Reports/hybrid-seeds-market-5958431.html,USD 33.91 Billion,USD 57.19 Billion,9.10%
153,"Metal Chelates Market by Type (Primary Nutrients, Secondary Nutrients, Micronutrients), Mode of Application (Soil, Foliar, Fertigation), Crop Type (Cereals & Grains, Oilseeds & Pulses, Fruits & Vegetables), and Region - Global Forecast to 2022",https://www.marketsandmarkets.com/Market-Reports/metal-chelates-market-101552814.html,USD 357.0 Million,USD 619.5 Million,8.54%
154,"Eubiotics Market by Type (Probiotics, Prebiotics, Organic Acids, Essential Oils), Livestock (Swine, Poultry, Ruminant, Aquaculture), Form (Dry and Liquid), Function (Nutrition & Gut Health, Yield, Immunity, Production) - Global Forecast to 2022",https://www.marketsandmarkets.com/Market-Reports/eubiotics-market-132956187.html,USD 7.47 Billion,NA,7.51%
155,"Industrial Starch Market by Type (Native, Starch Derivatives & Sweeteners), Source (Corn, Wheat, Cassava, Potato), Application (Food, Feed, Paper Making & Corrugation, Pharmaceutical), Form (Dry, Liquid), and Region - Global Forecast to 2022",https://www.marketsandmarkets.com/Market-Reports/industrial-starch-market-104251261.html,USD 106.64 Billion,NA,3.80%
156,"Pesticide Residue Testing Market by Type (Herbicides, Insecticides, Fungicides), Technology (LC-MS/GC-MS, HPLC, Gas Chromatography), Class (Organochlorines, Organophosphates, Organonitrogens & Carbamates), Food Tested, and Region - Global Forecast to 2022",https://www.marketsandmarkets.com/Market-Reports/pesticide-residue-testing-market-195216043.html,USD 1.63 Billion,NA,7.0%
157,"Algaecides Market by Type (Copper Sulfate, Chelated Copper, QAC, Peroxyacetic Acid & Hydrogen Dioxide), Application (Surface Water Treatment, Aquaculture, Sports & Recreational Centers, Agriculture), Form, and Region - Global Forecast to 2022",https://www.marketsandmarkets.com/Market-Reports/algaecides-market-110736129.html,USD 1.81 Billion,NA,6.52%
158,"Dicamba Herbicide Market by Crop Type (Cereals & Grains, Oilseeds & Pulses, and Pastures & Forage Crops), Formulation (Acid and Salt), Physical Form (Dry and Liquid), & Time of Application (Pre- and Post-Emergence) - Global Forecast to 2022",https://www.marketsandmarkets.com/Market-Reports/dicamba-herbicide-market-230485770.html,USD 321.5 Million,USD 521.2 Million,7.3%
159,"Feed Preservatives Market by Type (Feed Acidifiers, Mold Inhibitors, Feed Antioxidants, Anticaking Agents), Livestock (Cattle, Poultry, Swine, Aquaculture), Feed Type (Compound Feed, Feed Premix, Feed Meal, Silage), and Region - Global Forecast to 2022",https://www.marketsandmarkets.com/Market-Reports/feed-preservative-market-260003490.html,USD 3.57 Billion,NA,9.2%
160,"Starter Fertilizers Market by Nutrient Component (Nitrogen, Phosphorus, Potassium, and Micronutrients), Form (Dry and Liquid), Crop Type, Method of Application, and Region - Global Forecast to 2022",https://www.marketsandmarkets.com/Market-Reports/starter-fertilizer-market-251966522.html,USD 8.33 Billion,NA,4.04%
161,"Water-Soluble Fertilizers Market by Type (Nitrogenous, Phosphatic, Potassic, and Micronutrients), Application (Fertigation and Foliar Application), Crop Type (Field, Horticultural, and Turf & Ornamentals), and Region - Global Forecast to 2022",https://www.marketsandmarkets.com/Market-Reports/water-soluble-fertilizers-market-1055.html,USD 17.06 Billion,NA,5.69%
162,"Specialty Feed Additives Market by Type (Flavors & Sweeteners, Minerals, Binders, Vitamins, Acidifiers, Antioxidants), Livestock (Swine, Ruminants, Poultry, Aquatic Animals), Function, Form, and Region - Global Forecast to 2022",https://www.marketsandmarkets.com/Market-Reports/specialty-feed-additives-market-72590192.html,USD 11.12 Billion,NA,5.43%
163,"Agricultural Biologicals Testing Market by Product Type (Biopesticides, Biofertilizers, Biostimulants), Application (Field Support, Analytical, Regulatory), End User, and Region - Global Forecast to 2021",https://www.marketsandmarkets.com/Market-Reports/agricultural-biological-testing-market-51724226.html,USD 1.12 Billion,NA,10.4%
164,"Agrigenomics Market by Application (Crops, and Livestock), Sequencer Type (Illumina HiSeq, PacBio, Sanger, SOLiD), Objective (Extraction, Sequencing, Genotyping, Gene Expression, MAS, GMO/Trait Purity), and Region - Global Forecast to 2021",https://www.marketsandmarkets.com/Market-Reports/agrigenomic-market-206614334.html,USD 13.56 Billion,NA,7.8%
165,"Center Pivot Irrigation Systems Market by Crop Type (Cereals and Oilseeds & Pulses), Field Size (Small, Medium, Large), Mobility (Stationary and Mobile), Component (Span, Pivot Points, Drive Train, Control Panel, Sprinkler Drop) - Global Forecast to 2021",https://www.marketsandmarkets.com/Market-Reports/center-pivot-irrigation-system-market-257371281.html,"USD 1,734.4 Million",NA,14.9%
166,"Fertilizer Additives Market by Function (Anticaking, Dedusting, Antifoaming, Hydrophobic, and corrosion Inhibitor), Application (Urea, Ammonium Nitrate, DAP, MAP, Ammonium Sulphate, and TSP), Form of Application, and Region - Global Forecast to 2021",https://www.marketsandmarkets.com/Market-Reports/fertilizer-additive-market-110688277.html,USD 2.51 Billion,NA,2.6%
167,"Agricultural Disinfectants Market by Type (Hypochlorites & Halogens, Quaternary Ammonium Compounds & Phenols, Oxidizing Agents & Aldehydes), Application Area (Surface, Aerial, Water Sanitizing), End Use, Form, and Region - Global Forecast to 2021",https://www.marketsandmarkets.com/Market-Reports/agricultural-disinfectant-market-89992801.html,USD 2.11 Billion,NA,4.3%
168,"Microirrigation Systems Market by Type (Drip and Microsprinkler), Application (Orchard Crops & Vineyards, Field Crops, and Plantation Crops), End-User (Farmers and Industrial Users), and by Region - Global Forecast to 2021",https://www.marketsandmarkets.com/Market-Reports/micro-irrigation-system-market-566.html,USD 6.81 Billion,NA,18.3%
169,"Bionematicides Market by Type (Microbials & Biochemicals), Crop Type (Cereals & Grains, Oilseeds & Pulses, and Fruits & Vegetables), Form (Liquid and Dry), Mode of Application, Infestation, & by Region - Global Forecast to 2021",https://www.marketsandmarkets.com/Market-Reports/bionematicides-market-124041277.html,USD 337.2 Million,NA,None
170,"Bioherbicides Market by Source (Microbials, Biochemicals & Others), Application Mode (Seed, Soil, Foliar, Post-harvest), Formulation (Granular, Liquid & Others), Application, & by Region - Global Trends & Forecast to 2021",https://www.marketsandmarkets.com/Market-Reports/bioherbicides-market-175213366.html,USD 698.7 Million,"USD 1,573.7 Million",14.5%
171,"Manufactured Soil (Soil Blends & Mixes) Market by Type (Garden Soil, Soil Mix, Manure & Compost), Application (Cultivation, Lawns, Commercial Developments, Sports Fields, Green Spaces), Material Input, & by Region - Global Forecast to 2021",https://www.marketsandmarkets.com/Market-Reports/manufactured-soil-blends-mixes-market-209523014.html,USD 7.75 Billion,NA,6.7%
172,"Agrochemicals Market Mergers & Acquisitions - Global Trends (2000-2016) and Outlook-by Deal Type (Acquisitions, Agreements, Divestitures, Mergers & Others), by Segment (Crop-Protection Chemicals, Herbicides, Fungicides, Insecticides & Others), and by Region",https://www.marketsandmarkets.com/Market-Reports/agrochemicals-market-mergers-and-acquisitions-51370455.html,"USD 41.12 Billion,",USD 28.78 Billion,43%
173,"Cattle Feed & Feed Additives Market by Application (Dairy, Beef, Calf), Ingredient (Corn, Soymeal, Wheat, Other Oilseeds & Grains), Type (Vitamins, Minerals, Amino Acids, Enzymes, Acidifiers, Antibiotics, Antioxidants), & by Region - Global Forecasts to 2020",https://www.marketsandmarkets.com/Market-Reports/cattle-feed-market-5496670.html,USD 72.12 Billion,USD 2.72 Billion,2.7%
174,"Mulch Films Market by Type (Clear/Transparent, Black, Colored, and Degradable), Application (Agricultural Farms, and Horticulture), Element (LLDPE, LDPE, HDPE, EVA, PLA, and PHA), & by Region - Global Trends and Forecast to 2020",https://www.marketsandmarkets.com/Market-Reports/mulch-films-market-220908278.html,USD 4.07 Billion,NA,6.5%
175,"Liquid Feed Supplements Market by Type (Protein, Minerals, Vitamins, and Others), Source (Molasses, Corn, Urea, and Others), Livestock (Ruminants, Poultry, Swine, Aquaculture, and Others), and by Region - Global Forecast to 2020",https://www.marketsandmarkets.com/Market-Reports/liquid-feed-supplements-market-178353765.html,USD 5.53 Billion,NA,5.5%
176,"Textile Yarn Market by Source (Animal, Plant, and Chemical), Type (Natural and Artificial), Application (Apparel, Home Textile, and Industrial), & by Region - Global Forecasts to 2020",https://www.marketsandmarkets.com/Market-Reports/textile-yarn-market-264179445.html,USD 12.64 Billion,NA,4.2%
177,"Non-Protein Nitrogen Market by Type (Urea, Ammonia, and Others), Form (Dry, Liquid, and Pellets), Livestock (Beef Cattle, Dairy Cattle, Sheep & Goat, and Others), and by Region - Global Forecasts to 2020",https://www.marketsandmarkets.com/Market-Reports/non-protein-nitrogen-feed-market-179352294.html,USD 1.65 Billion,NA,4.5%
178,"Fertigation & Chemigation Market by Agri Inputs (Fertilizers, Herbicides, Insecticides, & Fungicides), Application (Agriculture, Landscape, & Greenhouse), Crop Type, Irrigation Systems, & by Region - Global Trends and Forecast to 2020",https://www.marketsandmarkets.com/Market-Reports/fertigation-chemigation-market-654870.html,USD 42.2 Billion,NA,6.3%
179,"Soil Wetting Agents Market by Form (Liquid and Granular), Application (Turf Care and Agriculture), End-Use Products (Crop Protection Products and Fertilizers), & by Region (North America, Europe, Asia-Pacific, Latin America and Row) - Global Forecasts to 2020",https://www.marketsandmarkets.com/Market-Reports/soil-wetting-agents-market-98113598.html,USD 129.5 Million,NA,6.20%
180,"Feed Pigment Market by Type (Carotenoids, Curcumin, Caramel, Spirulina & Others), Carotenoids Source (Natural & Synthetic), Livestock (Swine, Cattle, Poultry, Aquatic Animals & Others), & by Region - Global Trends & Forecasts to 2020",https://www.marketsandmarkets.com/Market-Reports/feed-pigment-market-206152828.html,USD 1.07 Billion,NA,3.2%
181,"Soil Treatment Market by Type (Soil protection, Organic amendments, pH adjusters), Technology (Physiochemical, Biological, and Thermal), & by Region - Global Forecasts to 2020",https://www.marketsandmarkets.com/Market-Reports/soil-treatment-pest-control-market-958.html,USD 36.29 Billion,NA,8.5%
182,"Greenhouse Irrigation System Market by Type (Drip Irrigation, Micro Sprinkler Irrigation, and Boom Irrigation), Application (Vegetables, Flowers & Ornamentals, Fruit Plants, and Nursery Crops), & by Region - Global Forecast to 2020",https://www.marketsandmarkets.com/Market-Reports/greenhouse-irrigation-system-market-234929780.html,USD 747.3 Million,USD 1.3 Billion,10.5%
183,"Mold Inhibitors Market by Type (Propionates, Benzoates, Sorbates, Natamycin, and Others), Application (Food, Animal Feed, Paints, Pharmaceuticals, Cosmetics & Personal Care, and Others), & by Region - Global Forecast to 2020",https://www.marketsandmarkets.com/Market-Reports/mold-inhibitors-market-60349380.html,USD 1.83 Billion,NA,3.0%
184,"Silage Inoculants & Enzymes Market by Type (Homofermentative & Heterofermentative), Species (Lactobacillus, Pediococcus & Enterococcus), Enzymes (Fibre-digesting & Starch-digesting), Crop-type, & by Geography - Global Trends and Forecast to 2020",https://www.marketsandmarkets.com/Market-Reports/silage-inoculants-enzymes-market-261264571.html,NA,NA,4.0%
185,"Transgenic Seeds Market by Trait (Herbicide Tolerance, Insecticide Resistance), Crops (Corn, Soybean, Cotton, Canola, others), and by Region - Global Trends & Forecast to 2020",https://www.marketsandmarkets.com/Market-Reports/transgenic-seeds-market-63068971.html,NA,NA,None
186,"Pyrethroids Market by Type (Bifenthrin, Deltamethrin, Permethrin, Cypermethrin, Cyfluthrin, and Lambda-cyhalothrin), by Crop Type (Cereals & Grains, Oilseeds & Pulses, and Fruits & Vegetables) & by Region - Global Trends & Forecasts to 2019",https://www.marketsandmarkets.com/Market-Reports/pyrethroids-pesticide-market-170901303.html,NA,NA,None
187,"Feed Testing Market by Livestock (Swine, Poultry, Pets, Equine, Cattle, and Aquatic Animals), by Type (Mycotoxin, Pathogen, Nutritional Labeling, Crop Chemicals, Fats & Oils, and Others), & Geography - Global Trends & Forecasts to 2019",https://www.marketsandmarkets.com/Market-Reports/feed-testing-market-57267971.html,NA,NA,None
188,"Gluten Feed Market by Source (Wheat, Corn, Barley, Rye, Others), by Livestock (Swine, Poultry, Cattle, Aquaculture, Others), & Geography - Trends & Forecasts to 2019",https://www.marketsandmarkets.com/Market-Reports/gluten-feed-market-2841408.html,NA,NA,5.4%
189,"Feed Palatability Enhancers & Modifiers Market by Type (Natural and Synthetic), by Livestock (Swine, Poultry, Cattle, Pets, Aquaculture, and Others) - Global Trends & Forecasts to 2019",https://www.marketsandmarkets.com/Market-Reports/feed-palatability-enhancers-modifiers-market-132155945.html,NA,NA,None
190,"Acaricides Market by Type (Organochlorine, Organophosphorus, Natural Sources, and Others), by Application (Agriculture, Animal Husbandry, Industrial, and Others), by Mode of Action (Spray, Dipping Vat, Hand Dressing and Others) & Geography - Trends & Forecasts to 2019",https://www.marketsandmarkets.com/Market-Reports/acaricides-market-196650767.html,NA,NA,5.2%
191,"Feed Fats & Proteins Market by Source (Animals, Plants & Others), by Livestock (Ruminant, Poultry, Aqua, Swine & Equine) & by Geography (North America, Europe, Asia-Pacific & ROW) - Global Trends & Forecasts to 2019",https://www.marketsandmarkets.com/Market-Reports/feed-fats-proteins-market-72466935.html,NA,NA,None
192,"Animal Feed Micronutrients Market by Type (Zinc, Iron, Manganese, and Copper), by Livestock (Ruminant, Poultry, Aqua, Swine, and Equine) & by Geography - Global Trends & Forecasts to 2019",https://www.marketsandmarkets.com/Market-Reports/animal-feed-micronutrients-market-233488872.html,NA,NA,6.1%
193,"Swine (Pig) Feed Market by Type (Starter, Grower, Sow), Additive (Antibiotics, Vitamins, Antioxidants, Amino Acids, Feed Enzymes, Feed Acidifiers) and by Geography - Global Trends & Forecasts to 2018",https://www.marketsandmarkets.com/Market-Reports/swine-feed-market-144656020.html,NA,NA,None
194,"Acids & Nutrients in Animal Nutrition Market by Type (Amino Acids & Proteins, Minerals, Vitamins, Fibers & Carbohydrates & Organic Acids), by Livestock (Ruminant, Poultry, Aqua, Swine & Equine) - Global Trends & Forecast to 2019",https://www.marketsandmarkets.com/Market-Reports/acids-nutrients-animal-nutrition-market-126859891.html,NA,NA,None
195,"Bioactive Ingredients & Product Market by Ingredient (Probiotics, Proteins, Plant Extracts, Minerals, Vitamins, Fibers, Carotenoids), by Product (Functional Foods, & Beverage, Dietary Supplements, Animal Nutrition, Personal Care) - Global Trends & Forecast to 2018",https://www.marketsandmarkets.com/Market-Reports/bioactive-ingredients-market-46981333.html,NA,NA,None
196,"Phosphate Fertilizers Market By Active Ingredient (Diammonium Phosphate, Monoammonium Phosphate, Triple Superphosphate, Single Superphosphate, Superphosphate, Calcium Phosphate), By Crop Type Cereals & Grains, Oil Seeds, Fruits & Vegetables), By Geography: Trends & Forecasts To 2018",https://www.marketsandmarkets.com/Market-Reports/phosphate-fertilizers-market-265325859.html,NA,NA,None
197,"Poultry Feed Market by Type (Layers, Broilers, And Turkeys), Additives (Antibiotics, Vitamins, Antioxidants, Amino Acids, Feed Enzymes, And Feed Acidifiers) & by Geography - Global Trends & Forecasts To 2018",https://www.marketsandmarkets.com/Market-Reports/poultry-feed-market-147838333.html,NA,NA,None
198,"Oilseed Market and Grain Seed Market By Types (Oilseed and Grain Seed), Biotech Trait (Herbicide Tolerant, Insecticide Resistant, Other Stacked Trait) & Geography (North America, Europe, South America, Asia-Pacific & Rest Of The World) - Global Trends & Forecast To 2018",https://www.marketsandmarkets.com/Market-Reports/oilseed-and-grain-seed-market-1215.html,NA,NA,12.0%
199,"Pre-harvest Equipment Market By Type (Primary Tillage Equipment, Secondary Tillage Equipment, Planting Equipment, Irrigation Equipment, Plant Protection & Fertilizing and Others), By Geography: Trends & Forecasts To 2018",https://www.marketsandmarkets.com/Market-Reports/pre-harvest-agri-equipment-market-1210.html,NA,NA,None
200,"Asia-Pacific Seed Treatment Market By Type (Chemical & Non-Chemical), By Application (Fungicide, Insecticide, Bio-Control And Others) And By Crop (Cereals, Oilseeds And Others): Trends, Forecasts And Technical Insights Up To 2018",https://www.marketsandmarkets.com/Market-Reports/asia-pacific-seed-treatment-market-1125.html,NA,NA,None
201,"Europe Seed Treatment Market By Type (Chemical & Non-Chemical), By Application (Fungicide, Insecticide, Bio-Control And Others) And By Crop (Cereals, Oilseeds And Others): Trends, Forecasts And Technical Insights Up To 2018",https://www.marketsandmarkets.com/Market-Reports/europe-seed-treatment-market-1124.html,NA,NA,None
202,"North America Seed Treatment Market by Type (chemical & non-chemical), by Application (fungicide, insecticide, bio-control and others) and by Crop (cereals, oilseeds and others): Trends, Forecasts and Technical Insights up to 2018",https://www.marketsandmarkets.com/Market-Reports/north-america-seed-treatment-market-1123.html,NA,NA,None
