Title ,Link ,Market size ,Forecasted Market Size/ Revenue ,CAGR (%) ,Companies ,Geographies/ Regions covered,Segments ,Sub-segment 1,Sub-segment 2 ,Sub-segment 3 ,Sub-segment 4,Sub-segment 5,Level 1,Level 2,Level 3 ,Level 4 
"Agrochemicals Market by Pesticide Type (Herbicides, Insecticides, Fungicides), Fertilizer Type (Nitrogenous, Phosphatic, and Potassic), Crop Application (Cereals & Grains, Oilseeds, Fruits & Vegetables), and Region - Global Forecast to 2025",https://www.marketsandmarkets.com/Market-Reports/global-agro-chemicals-market-report-132.html,USD 208.6 billion,USD 246.1 billion,3.40%,"Bayer (Germany), BASF (Germany), Yara International (Norway), Compass Minerals (US), Syngenta (Switzerland), Adama Ltd (Israel), Sumitomo Chemicals (Japan), Nufarm Limited (Australia), UPL (India), K+S Group (Germany), and Israel Chemical Company (Israel)","Asia Pacific, Europe, North America, South America","By Fertilizer type, By Pesticides Type, By Crop Type","Nitrogen fertilizer
Phosphatic Fertilizer
Potassic Fertlizer","Fungicides
Herbicides
Insecticides
Others","Cereals & Grains
Oilseeds & Pulses
Fruits & Vegetables
Others",,,,,,
"Server Market Size, Share & Trends Analysis Report By Product (Rack, Open Compute Project), By Enterprise Size (Large, Medium), By Channel (Reseller, Direct), By Vertical, By Region, And Segment Forecasts, 2021 - 2028",https://www.grandviewresearch.com/industry-analysis/server-market,USD 85.75 billion,USD 145.31 billion,7.80%,IBM; Hewlett Packard Enterprise Development LP; Dell; Lenovo; Huawei Technologies Co. Ltd; Fujitsu; Inspur,North America; Europe; Asia Pacific; Latin America; MEA,"Product, enterprise size, channel, vertical, region","Blade, Rack, Tower
, Micro, Open Compute Project (OCP)","Micro, Small, Medium, Large","Reseller, Direct, Systems Integrator, Others","IT & Telecom, BFSI,Government & Defense, Healthcare, Energy, Others",North America; Europe; Asia Pacific; Latin America; MEA,"U.S., Canada","U.K., Germany, France","China, India, Japan","Brazil, Mexico"
"GENERIC DRUGS MARKET - GROWTH, TRENDS, COVID 19 IMPACT, AND FORECASTS (2021 - 2026)",https://www.mordorintelligence.com/industry-reports/generic-drugs-market,USD 263 billion,USD 385 billion,6.58%,"Mylan N.V.,  Abbott Laboratories,  Abbvie (Allergan), Teva Pharmaceutical Industries Limited,  Eli Lilly and Company, STADA Arzneimittel AG, GlaxoSmithKline Plc., Baxter International Inc.
Pizer Inc., Sandoz Inrernational GmbH, Sanofi, Sun Pharma","North America, Europe, Asia-Pacific, Middle East and Africa, and South America","By Route of Administration, By Application, By Distribution Channel","Oral, Topical, Injectable, Others","Cardiovascula, Products, Anti-Infective Drugs, Anti-Arthritis Drugs, Central Nervous System Drugs, Anti-Cancer Drugs, Respiratory Products, Others","Hospitals/Clinics
Retail Pharmacies
Others",,,,,,
