,Title,Links
0,"Face Recognition Door Lock Market Size, Share & COVID-19 Impact Analysis, By Application (Residential, Hospitality, Commercial, Government, and Others), and Regional Forecast, 2021-2028",https://www.fortunebusinessinsights.com/face-recognition-door-lock-market-105039
1,"Web Hosting Services Market Size, Share & COVID-19 Impact Analysis, By Type (Shared Hosting, Dedicated Hosting, Collocated Hosting, Virtual Private Server Hosting, and Others), By Application (Public Website, Mobile Application, Intranet Site, and Online Application), By Deployment (Public Cloud, Private Cloud, and Hybrid Cloud), and Regional Forecast, 2021-2028",https://www.fortunebusinessinsights.com/industry-reports/web-hosting-services-market-100863
2,"IoT in Smart Cities Market Size, Share & COVID-19 Impact Analysis, By Component (Solution and Services), By Application (Smart Building, Smart Healthcare, Smart Energy, Smart Transportation, Public Safety, Smart Infrastructure, and Others), and Regional Forecast, 2021-2028",https://www.fortunebusinessinsights.com/iot-in-smart-cities-market-105029
3,"Mobile Virtual Network Operator (MVNO) Market Size, Share & COVID-19 Impact Analysis, By Operational Model (Reseller MVNO, Service Provider MVNO, and Full MVNO), By Service Type (Postpaid and Prepaid), By Subscriber (Business and Individual/Residential), and Regional Forecast, 2021-2028",https://www.fortunebusinessinsights.com/industry-reports/mobile-virtual-network-operators-market-100076
4,"Context Aware Computing Market Size, Share & COVID-19 Impact Analysis, By Component (Solutions and Services), By Vendor (Mobile Network Operator, Device Manufacturer, and Online, Web, and Social Networking Vendors), By End-User (BFSI, Consumer Electronics, Media and Entertainment, Automotive, Healthcare, Telecommunication, Logistics and Transportation, and Others), and Regional Forecast, 2021-2028",https://www.fortunebusinessinsights.com/industry-reports/context-aware-computing-market-101605
5,"Cyber Security Market Size, Share & COVID-19 Impact Analysis, By Component (Solution and Services), By Deployment Type (Cloud and On-Premise), By Enterprise Size (Small & Medium Enterprise and Large Enterprise), By Industry (BFSI, IT and Telecommunications, Retail, Healthcare, Government, Manufacturing, Travel and Transportation, Energy and Utilities and Others) and Regional Forecast, 2021-2028",https://www.fortunebusinessinsights.com/industry-reports/cyber-security-market-101165
6,"Enterprise A2P SMS Market Size, Share & COVID-19 Impact Analysis, By Deployment (On-Premises, and Cloud), By Application (Pushed Content Services, Customer Relationship Management Services, Promotion and Marketing, Interactive Services, and Others), By End User (BFSI, Retail and E-commerce, Travel and Hospitality, Healthcare, Media and Entertainment, and Others), and Regional Forecast, 2021-2028",https://www.fortunebusinessinsights.com/enterprise-a2p-sms-market-105018
7,"Livestock Monitoring and Identification Market Size, Share & COVID-19 Impact Analysis, By Component (Hardware, Software, and Services), By End-use (Dairy Farm, Beef Farm, Sheep Farm, Deer Farm, and Goat and Pig Farm), and Regional Forecast, 2020-2027",https://www.fortunebusinessinsights.com/livestock-monitoring-market-104624
8,"Digital Transformation Market Size, Share,& Analysis, By Technology (Cloud Computing, Big Data and Analytics, Cybersecurity, Artificial Intelligence (AI), Internet of Things (IoT)), By Enterprise Size (Large Enterprises, SMEs), By Deployment Model (On-Premises, Cloud), By Industry Vertical ( BFSI, Manufacturing, IT and Telecommunications, Retail and Consumer Goods, Healthcare), and Regional Forecast, 2021-2028",https://www.fortunebusinessinsights.com/digital-transformation-market-104878
9,"Online Gambling Market Size, Share & COVID-19 Impact Analysis, By Type (Sports Betting, Casinos, Poker, Lottery, Bingo, and Others), By Devices (Desktop, Mobile, and Others), and Regional Forecast, 2021-2028",https://www.fortunebusinessinsights.com/online-gambling-market-104803
10,"Process Mining Software Market Size, Share & COVID-19 Impact Analysis, By Type (Cloud-base, and On-premises), By Enterprise Size (Large Enterprises and Small & Medium Enterprises), By End User (BFSI, Healthcare, Retail, Manufacturing, IT and Telecommunication, Logistics and Transportation, and Others), and Regional Forecast, 2021-2028",https://www.fortunebusinessinsights.com/process-mining-software-market-104792
11,"Big Data as a Service (BDaaS) Market Size, Share & COVID-19 Impact Analysis, By Solution (Hadoop-as-a-Service, Data-as-a-Service and Data Analytics-as-a-Service), By Deployment Model (Public Cloud, Private Cloud and Hybrid Cloud), By Industry (BFSI, Retail and E-Commerce, IT & Telecom, Healthcare, Government, Manufacturing and Others) and Regional Forecast, 2021-2028",https://www.fortunebusinessinsights.com/big-data-as-a-service-bdaas-market-104738
12,"Smart Parcel Locker Market Size, Share & COVID-19 Impact Analysis, By Type (Modular Parcel Locker, Cooling Lockers for Fresh Food, Postal Lockers, and Laundry Lockers), By Deployment (Indoor and Outdoor), By Application (Commercial Buildings, Condos and Apartments, Retail BOPIS, Universities & Colleges, and Others), and Regional Forecast, 2020-2027",https://www.fortunebusinessinsights.com/smart-parcel-locker-market-104718
13,"Customer Experience Management Market Size, Share & COVID-19 Impact Analysis, By Component (Solution, Services), By Deployment (Cloud, On-Premise), By Organization Size (SMEs, Large Enterprises), By Touchpoint (Call Center, Website, Mobile Applications, Email, Social Media, and Others), By End-User (BFSI, Rental and Consumer Goods, IT and Telecom, Healthcare, Automotive, Media and Entertainment, Government), and Regional Forecast, 2020-2027",https://www.fortunebusinessinsights.com/industry-reports/customer-experience-management-cem-market-101661
14,"Cloud Based Contact Center Market Size, Share & COVID-19 Impact Analysis, By Component (Solutions and Services), By Deployment (Public, Private, and Hybrid), By Organization Size (Large Organizations, Small and Medium-Sized Organizations), By Vertical (Banking, Financial Services, and Insurance, ITES, IT and Telecom, Government, Healthcare, Consumer Goods and Retail, Travel and Hospitality) and Regional Forecast, 2020-2027",https://www.fortunebusinessinsights.com/cloud-based-contact-center-market-104712
15,"Building Information Modeling (BIM) Market Size, Share & COVID-19 Impact Analysis, By Component (Software and Services), By Project Phase (Pre-Construction, Construction, and Post Construction), By Application (Commercial, Residential, Industrial, and Public Infrastructure), By End-User (Architect and Engineers, Facility or Construction Managers, and Builders and Contractors), and Regional Forecast, 2020-2027",https://www.fortunebusinessinsights.com/building-information-modelling-software-market-102986
16,"Chatbot Market Size, Share & COVID-19 Impact Analysis, By Component (Platform/Software Development Kit and Services), By Deployment (Cloud and On-premises), By Application (Website, Contact Centers, Social Media and Mobile Application), By Industry (Banking, Financial Services and Insurance (BFSI), Retail and ecommerce, Information Technology (IT) and Telecom, Media and Entertainment, Healthcare and Others and Regional Forecast, 2020-2027",https://www.fortunebusinessinsights.com/chatbot-market-104673
17,"EdTech and Smart Classroom Market Size, Share & COVID-19 Impact Analysis, By Instructional Aids (Smart Classroom, and Mobile Learning), By Hardware (Interactive Projectors, Interactive whiteboards) By Educational Tools (Admission Automation Tools, Administration Tools (ERP & CRM), Learning Management Tools), By Technology (Gamification, Analytics, Enterprise Resource Planning (ERP)), By End-User, and Regional Forecast, 2020-2027",https://www.fortunebusinessinsights.com/edtech-and-smart-classroom-market-104662
18,"Data Center Infrastructure Market Size, Share & COVID-19 Impact Analysis, By Component (Solutions, Services), and Regional Forecast, 2020-2027",https://www.fortunebusinessinsights.com/data-center-infrastructure-market-104659
19,"Access Control Market Size, Share & COVID-19 Impact Analysis, By Component (Hardware, Software, and Services), By Type (DAC, MAC, RBAC), By Application (Homeland Security, Commercial, Residential, and Industrial), and Regional Forecast, 2020-2027",https://www.fortunebusinessinsights.com/access-control-market-104592
20,"Blockchain AI Market Size, Share & COVID-19 Impact Analysis, By Component (Platform and Services), By Technology (Computer Vision, Machine Learning (ML), Natural Language Processing (NLP), and Others), By Deployment (Cloud-based, and On-premise), By Application (Smart Contracts, Logistics, and Supply Chain Management, Payments and Settlements, Governance, and Others), By Industry , and Regional Forecast, 2020-2027",https://www.fortunebusinessinsights.com/blockchain-ai-artificial-intelligence-market-104588
21,"Industrial Cybersecurity Market Size, Share & COVID-19 Impact Analysis, By Component (Product, Software and Services), By Security Type (Network Security, Cloud Application Security, End-point Security, Internet Security, and Others), By Industry (Process Industry and Discrete Industry) and Regional Forecasts, 2020-2027",https://www.fortunebusinessinsights.com/industrial-cybersecurity-market-104557
22,"Smart Robot Market Size, Share & COVID-19 Impact Analysis, By Type (Personal/Domestic Robots and Professional Robots), By Mobility (Mobile, Fixed/Stationary), By Application (Inspection and Maintenance, Material Handling and Sorting, Security and Surveillance, Education and Entertainment), By End User (Manufacturing, Healthcare, Agriculture, Military and Defense), and Regional Forecast, 2020-2027",https://www.fortunebusinessinsights.com/smart-robot-market-104556
23,"Anti-Plagiarism for the Education Sector Market Size, Share & Covid-19 Impact Analysis, By Type (Text Mining, and Integrated Customization Service), By Application (Students, and Teachers), and Regional Forecast, 2020-2027",https://www.fortunebusinessinsights.com/anti-plagiarism-for-the-education-sector-market-104552
24,"Industrial 3D Printing Market Size, Share & Covid-19 Impact Analysis, By Component (Hardware, Software, and Services), By Technology (FDM, SLS, SLA, DMLS/SLM, Polyjet, Multi Jet Fusion, DLP, Binder Jetting, EBM, CLIP/CDLP, SDL, and LOM), Application (Prototyping, Production), End-User (Automotive, Aerospace and Defense, Healthcare, Architecture and Construction, Consumer Products) and Regional Forecast, 2020-2027",https://www.fortunebusinessinsights.com/industry-reports/3d-printing-market-101902
25,"Encryption Software Market Size, Share & Covid-19 Impact Analysis, By Component (Software, Services), By Application (Disk Encryption, Database Encryption, Cloud Encryption), By Enterprise Size (Large Enterprises, SMEs), By Deployment Model (On-Premises, Cloud), By Industry Vertical (IT and Telecommunications, Banking, Finance, Security and Insurance (BFSI), Healthcare and Life Sciences, Manufacturing, Retail), and Regional Forecast, 2020-2027",https://www.fortunebusinessinsights.com/industry-reports/encryption-software-market-101058
26,"Competitive Intelligence Tools Market Size, Share & COVID-19 Impact Analysis, By Type (On-Premise, Cloud-Based), By Application (BFSI, IT & Telecom, Automotive, Retail, Health Care, Energy, Industrial, and Education), and Regional Forecast, 2020-2027",https://www.fortunebusinessinsights.com/competitive-intelligence-tools-market-104522
27,"Video Analytics Market Size, Share & COVID-19 Impact Analysis, By Component (Solutions, Services), By Application (Crowd Management, Facial Recognition, Intrusion Detection, License Plate Recognition, Motion Detection, and Others), By End-user (BFSI, City Surveillance, Critical Infrastructure, Education, Government, Retail, Transportation, and Others), and Regional Forecast, 2020-2027",https://www.fortunebusinessinsights.com/industry-reports/video-analytics-market-101114
28,"Higher Education Market Size, Share & COVID-19 Impact Analysis, By Component (Hardware, Solutions, and Services), By Learning Mode (Offline Learning, Online Learning), By End User (Private Colleges, Community Colleges, and State Universities), and Regional Forecast, 2020-2027",https://www.fortunebusinessinsights.com/higher-education-market-104503
29,"Artificial Intelligence (AI) Chipsets Market Size, Share & COVID-19 Impact Analysis, By Chipset Type (Graphics Processing Unit (GPU), Field Programmable Gate Arrays (FPGAs)), By Application (Natural Language Processing (NLP), Robotic Process Automation (RPA), Machine Learning), By Computing Technology (Cloud Computing and Edge Computing), By Function (Training and Inference), By Industry and Regional Forecast, 2020-2027",https://www.fortunebusinessinsights.com/artificial-intelligence-ai-chipsets-market-104500
30,"Laser Technology Market Size, Share & COVID-19 Impact Analysis, By Laser Type (Solid State Laser, Liquid Laser, Gas Laser, and Others), By Application (Optical Communication, Laser Processing, and Others), By Industry (IT and Telecom, Electronics and Semiconductor, Healthcare, Manufacturing, Automotive, Aerospace and Defense, and Others), and Regional Forecast, 2020-2027",https://www.fortunebusinessinsights.com/laser-technology-market-104483
31,"360 Degree Feedback Software Market Size, Share & COVID-19 Impact Analysis, By Type (Installed, Web-Based), By Application (Education, Retail, Corporate, Travel and Hospitality, Healthcare), and Regional Forecast, 2020-2027",https://www.fortunebusinessinsights.com/360-degree-feedback-software-market-104481
32,"Smart PPE Technology Market Size, Share & COVID-19 Impact Analysis, By Product Type (Smart Safety Gloves, Smart Shoes, Smart Eyewear, Smart Protective Clothing, Smart Ear Muffs/Plugs, Smart Respirator, Others), By Application (Healthcare & Medical, Fitness & Wellness, Infotainment, Industrial, Military, Others), and Regional Forecast, 2020-2027",https://www.fortunebusinessinsights.com/smart-ppe-technology-market-104478
33,"Business Intelligence Market Size, Share & COVID-19 Impact Analysis, By Component (Solution, and Services), By Deployment (Cloud, and On-Premise) By Enterprise Size (Large Enterprises, Small and Medium-Sized Enterprises (SMEs)), By Application (Supply Chain Analytic Applications, CRM Analytic Applications, Financial Performance), By End-User (IT and Telecommunications, BFSI, Healthcare), and Regional Forecast, 2020-2027",https://www.fortunebusinessinsights.com/business-intelligence-bi-market-103742
34,"Payment Processing Solutions Market Size, Share & COVID-19 Impact Analysis, By Payment Method (Debit Card, Credit Card, e-Wallet, Automated Clearing House (ACH), and Others), By Industry Vertical (Banking, Financial Services and Insurance (BFSI), Manufacturing, IT and Telecommunications, Travel and Hospitality, Retail and Consumer Goods, Healthcare, Transportation and Logistics, and Others), and Regional Forecast, 2020-2027",https://www.fortunebusinessinsights.com/payment-processing-solutions-market-104467
35,"Network Automation Market Size, Share & COVID-19 Impact Analysis, By Component (Solution, Services), By Network Type (Physical, Virtual, Hybrid), By Deployment (On Premises, Cloud), By Organization Size (Large Enterprises, SMEs), By End User (IT and Telecom, BFSI, Manufacturing, Energy and Utilities, Healthcare, Education, Others), and Regional Forecast, 2020-2027",https://www.fortunebusinessinsights.com/network-automation-market-104466
36,"Europe Cloud Managed Networking Market Size, Share & COVID-19 Impact Analysis, By Type (Hardware, Software, and Cloud Services), By Deployment (Public Cloud, and Private Cloud), By Enterprise Size (Small & Medium Enterprises (SMEs) and Large Enterprises), By Industry (Telecom & IT, Retail, Media & Entertainment, Educational Institutions, and Others) and Country Forecast, 2020-2027",https://www.fortunebusinessinsights.com/europe-cloud-managed-networking-market-104393
37,"Core Banking Software Market Size, Share & COVID-19 Impact Analysis, By Deployment (SaaS/Hosted, Licensed), By Banking Type (Large Banks, Midsize Banks, Small Banks, Community Banks, and Credit Unions), By End-user (Retail Banking, Treasury, Corporate Banking, and Wealth Management), and Regional Forecast, 2020-2027",https://www.fortunebusinessinsights.com/core-banking-software-market-104392
38,"Pay-per-click (PPC) Software Market Size, Share & COVID-19 Impact Analysis, By Type (Search Advertising, Social Media Advertising, Remarketing, Online Shopping, Display Advertising, And Others), By Deployment (Cloud, On-premises), By Enterprise Size (Small & Medium Enterprise (SMEs), Large Enterprises), By End-user (BFSI, Retail & Ecommerce, Automotive, Healthcare, Media and Entertainment, IT & Telecom, And Others), and Regional Forecast, 2020-2027",https://www.fortunebusinessinsights.com/pay-per-click-ppc-software-market-104386
39,"Referral Marketing Software Market Size, Share & COVID-19 Impact Analysis, By Deployment (Cloud and On-Premises), By Enterprise Size (Small & Medium Enterprises, and Large Enterprises), By End-user (BFSI, Retail, E-Commerce, Education, Hospitality, And Others), and Regional Forecast, 2020-2027",https://www.fortunebusinessinsights.com/referral-marketing-software-market-104308
40,"5G Infrastructure Market Size, Share & COVID-19 Impact Analysis, By Communication Infrastructure (RAN, Transport Technologies, and Core Technologies), By Spectrum Band (Low Band (",https://www.fortunebusinessinsights.com/industry-reports/5g-infrastructure-market-100869
41,"Smart Door Lock Market Size, Share & COVID-19 Impact Analysis, By Type (Deadbolt, Lever Handles, Padlock, and Others), By Product (Biometric Door Locks, Smart Card Door Locks, Electric Strike Door Locks, Others), By Connecting Technology (Wi-Fi, Bluetooth, Zigbee and Other), By Application (Residential, Hospitality, Commercials, Government and Other) and Regional Forecast, 2020-2027",https://www.fortunebusinessinsights.com/industry-reports/smart-door-lock-market-100215
42,"Europe Contact Center as a Service (CCaaS) Market Size, Share & COVID-19 Impact Analysis, By Function (Interactive Voice Response (IVR), Multichannel, Automatic Call Distribution, Computer Telephony Integration (CTI), Reporting and Analytics), By Organization Size (Small & Medium Enterprises and Large Enterprises), By Industry (BFSI, IT and Telecommunication, Government, Healthcare, Consumer Goods and Retail, Others), and Country Forecast, 2020-2027",https://www.fortunebusinessinsights.com/europe-contact-center-as-a-service-ccaas-market-104283
43,"Parental Control Software Market Size, Share & COVID-19 Impact Analysis, By Operating System (Windows, Android, iOS, and Cross Platform and Multiplatform), By Deployment (On-Premise and Cloud), By Application (Residential and Educational Institutes), and Regional Forecast, 2020-2027",https://www.fortunebusinessinsights.com/parental-control-software-market-104282
44,"Cloud IT Service Management (ITSM) Market Size, Share & COVID-19 Impact Analysis, By Component (Solution and Services), By Organization Size (Small and Medium Enterprises (SMEs) and Large Enterprises), By Industry (IT & Telecommunication, BFSI, Healthcare, Retail & Consumer Goods, Media & Entertainment, Manufacturing, Government & Public and Others) and Regional Forecast, 2020-2027",https://www.fortunebusinessinsights.com/cloud-it-service-management-itsm-market-104281
45,"Remote Desktop Software Market Size, Share & COVID-19 Impact Analysis, By Deployment (Cloud and On-Premises), By Enterprise Size (Small & Medium Enterprises, and Large Enterprises), By End-user (BFSI, Healthcare, IT & Telecom, Government, Manufacturing, Education, and Others), and Regional Forecast, 2020-2027",https://www.fortunebusinessinsights.com/remote-desktop-software-market-104278
46,"Industrial Sensors Market Size, Share & COVID-19 Impact Analysis, By Type (Temperature Sensor, Proximity Sensor, Pressure Sensor, Position Sensor, Motion Sensor, Level Sensor, Gas and Chemical Sensor, Humidity Sensor, Flow Sensor, Others), By End Use Industry (Discrete, Process), and Regional Forecast, 2020-2027",https://www.fortunebusinessinsights.com/industry-reports/industrial-sensors-market-100591
47,"Project Portfolio Management (PPM) Market Size, Share & COVID-19 Impact Analysis, By Component (Software and Services), By Deployment (On-Premise, Cloud-Based, and Hosted), By Enterprise Size (Large Enterprises and SMEs), By Application (Project Management, Portfolio Management, Demand Management, and Others), By Vertical (BFSI, IT and Telecommunication, Government, and Others), and Regional Forecast, 2020-2027",https://www.fortunebusinessinsights.com/project-portfolio-management-ppm-market-104257
48,"Adaptive Learning Software Market Size, Share & COVID-19 Impact Analysis, By Deployment (On Premise, Cloud), By End User (K-12, Higher Education, Corporate), and Regional Forecast, 2020-2027",https://www.fortunebusinessinsights.com/adaptive-learning-software-market-104255
49,"Contact Center as a Service (CCaaS) Market Size, Share & COVID-19 Impact Analysis, By Function (Interactive Voice Response (IVR), Multichannel, Automatic Call Distribution, Computer Telephony Integration (CTI), Reporting and Analytics, and Others), By Enterprise Size (Large Enterprises and Small & Medium Enterprises), By Industry (BFSI, IT and Telecommunications, Government, Healthcare, Consumer Goods & Retail ), and Regional Forecast, 2020-2027",https://www.fortunebusinessinsights.com/contact-center-as-a-service-ccaas-market-104160
50,"Media Monitoring Tools Market Size, Share & COVID-19 Impact Analysis, By Component (Software/Platform, Services), By Type (Print Media Monitoring, Broadcast Media Monitoring, Online Media Monitoring, Others), By Deployment (Cloud, On-premises), By Enterprise Size (SMEs, Large Enterprises), By Application (Customer Experience & PR Management, Others), By Industry (BFSI, Healthcare, Others), and Regional Forecast, 2020-2027",https://www.fortunebusinessinsights.com/media-monitoring-tools-market-104157
51,"Cloud Managed Networking Market Size, Share & COVID-19 Impact Analysis, By Type (Hardware, Software and Cloud Services), By Deployment (Public Cloud and Private Cloud), By Enterprise Size (Small and Medium Enterprises (SMEs) and Large Enterprises), By Industry (Telecom & IT, Retail, Media & Entertainment, Educational Institutions, and Others and Regional Forecast, 2020-2027",https://www.fortunebusinessinsights.com/cloud-managed-networking-market-104151
52,"Endpoint Security Market Size, Share & COVID-19 Impact Analysis, By Component (Software, and Services), By Deployment (Cloud, and On-Premises), By End-user (Commercial, Consumer), By Enterprise Size (Large Enterprises and Small & Medium Enterprises), By Industry (BFSI, IT and Telecommunications, Retail, Healthcare, Government & Public Sector, Transportation, and Others), and Regional Forecast, 2020-2027",https://www.fortunebusinessinsights.com/industry-reports/endpoint-security-market-100614
53,"Video On Demand Market Size, Share & COVID-19 Impact Analysis, By Revenue Model (Subscription Video on Demand (SVoD), Transactional Video On Demand (TVoD), Advertisement Based Video On Demand (AVOD)), Content Type (Sports, Music, TV Entertainment, Kids, Movies, and Others), and Regional Forecast, 2020-2027",https://www.fortunebusinessinsights.com/industry-reports/video-on-demand-market-100140
54,"Image Recognition Market Size, Share & COVID-19 Impact Analysis, By Component (Hardware, Software, Services), By Technology (Code Recognition, Facial Recognition, Object Recognition, Pattern Recognition, Optical Character Recognition), By Application (Scanning and Imaging, Security and Surveillance, Image Search, Augmented Reality, Marketing, and Advertising), By Deployment (On-Premise, Cloud), By End User and Regional Forecast, 2020-2027",https://www.fortunebusinessinsights.com/industry-reports/image-recognition-market-101855
55,"Virtual Meeting Software (3D Virtual Event) Market Size, Share & COVID-19 Impact Analysis, By Type (VR Headset, Without VR Headset), By Function (Virtual Event, Video Conferencing, Mobile Event App, Event Management, Lead Retrieval, Attendee Management, Gamification, and Others), By Deployment (On-premises and Cloud), By Enterprises Size (Small & Medium Enterprises and Large Enterprises), By Industry and Regional Forecast, 2020-2027",https://www.fortunebusinessinsights.com/virtual-meeting-software-3d-virtual-event-market-104064
56,"Base Station Antenna Market Size, Share & COVID-19 Impact Analysis, By Type (Omni Antenna, Sector Antenna, Dipole Antenna, Multibeam Antenna, Small Cell, and Others), By Technology (3G, 4G/LTE, and 5G), By Application (Mobile Communication, Intelligent Transport, Industrial IoT, Smart City, Military and Defense, and Others), and Regional Forecast, 2020-2027",https://www.fortunebusinessinsights.com/base-station-antennas-market-103525
57,"Energy Management System Market Size, Share & COVID-19 Impact Analysis, By Type (System and Services), By End User (Oil & Gas, Manufacturing, Building Automation, Energy & Utilities, Automotive, Pharmaceutical, and Others), and Regional Forecast, 2020-2027",https://www.fortunebusinessinsights.com/industry-reports/energy-management-system-market-101167
58,"Cloud Managed Services Market Size, Share & COVID-19 Impact Analysis, By Service Type (Managed Business Services, Managed Network Services, Managed Infrastructure Services, Managed Security Services, Managed Mobility Services, and Managed Communication and Collaboration Services), By Deployment (Public Cloud, Private Cloud), By Enterprise Size (SMEs, Large Enterprises), By Vertical and Regional Forecast, 2020-2027",https://www.fortunebusinessinsights.com/cloud-managed-services-market-104034
59,"Online Recruitment Market Size, Share & COVID-19 Impact Analysis, By Type (Permanent Online Recruitment, Part Time Online Recruitment), By Application (Secretarial/ Clerical, Accounting/ Financial, Computing, Technical/ Engineering, Professional/ Managerial, Nursing/ Medical/ Care, Hotel/ Catering, Sales/ Marketing, Other Industrial/ Blue Collar) and Regional Forecast, 2020 – 2027",https://www.fortunebusinessinsights.com/online-recruitment-market-103730
60,"Big Data Technology Market Size, Share & COVID-19 Impact Analysis, By Offering (Solution and Services), By Deployment (On-premise, Cloud-based, and Hybrid), By Application (Customer Analytics, Operational Analytics, Fraud Detection and Compliance, Enterprise Data Warehouse Optimization, and Others), By End-Use Industry (BFSI, Retail, Manufacturing, IT and Telecom, Government, Healthcare, Utility, and Others), and Regional Forecast, 2020-2027",https://www.fortunebusinessinsights.com/industry-reports/big-data-technology-market-100144
61,"Modular Data Center Market Size, Share & COVID-19 Impact Analysis, By Component (Function Module Solutions, and Services), By Application (Emergency Data Storage, Temporary Storage Expansion, Disaster Recovery, Edge Computing, and Others), By Data Center Size (Small and Medium Data Center, and Large Data Center), By Industry (BFSI, IT & Telecom, Government, Healthcare, Media & Entertainment, Others) and Regional Forecast, 2020-2027",https://www.fortunebusinessinsights.com/industry-reports/modular-data-center-market-100504
62,"Blockchain Market Size, Share & COVID-19 Impact Analysis, By Component (Platform/Solution and Blockchain-as-a-Service (BaaS)), By Blockchain Type (Public, Private, and Consortium), By Deployment (Proof of Concept, Pilot, and Production), By Application (Digital Identity, Payments, Smart Contract, and Others), By Industry (BFSI, Energy & Utilities, Government, Healthcare and Life Sciences, Manufacturing, Telecom), and Regional Forecast, 2020-2027",https://www.fortunebusinessinsights.com/industry-reports/blockchain-market-100072
63,"Unified Communication as a Service (UCaaS) Market Size, Share & COVID-19 Impact Analysis, By Component (Telephony, Unified Messaging, Collaboration Platforms, Conferencing, Reporting and Analytics), By Delivery Mode (Managed Services, Hosted/ Cloud Services), By Enterprise Size (Large, Small and Medium-Sized (SME’s)), By Vertical (BFSI, IT and Telecommunication, IT-Enabled Services, Retail and Consumer Goods, others), and Regional Forecast, 2020–2027",https://www.fortunebusinessinsights.com/industry-reports/unified-communication-as-a-service-ucaas-market-101934
64,"Cloud Computing Market Size, Share & COVID-19 Impact Analysis, By Type (Public Cloud, Private Cloud, Hybrid Cloud), By Service (Infrastructure as a Service (IaaS), Platform as a Service (PaaS), Software as a Service (SaaS)), By Industry (Banking, Financial Services, and Insurance (BFSI), IT and Telecommunications, Government, Consumer Goods and Retail, Healthcare, Manufacturing, Others), and Regional Forecast, 2020-2027",https://www.fortunebusinessinsights.com/cloud-computing-market-102697
65,"Field Service Management (FSM) Market Size, Share & COVID-19 Impact Analysis, By Component (Solution, Services) By Deployment (Cloud, On-Premise), By Organization Size (Large Enterprises, Small and Medium Sized Enterprises (SME’s)), By Vertical (BFSI, IT and Telecommunication, Healthcare and Life Sciences, Manufacturing, Transportation and Logistics, Construction and Heavy Equipment, Energy and Utilities, and others), and Regional Forecast, 2020-2027",https://www.fortunebusinessinsights.com/field-service-management-fsm-market-102215
66,"Enterprise Governance, Risk, and Compliance (eGRC) Market Size, Share & COVID-19 Impact Analysis, By Component (Software and Services), By Deployment Model (Cloud-based, On-premise), By Enterprises Size (Large Enterprises, Small and Medium Enterprises), By Vertical (BFSI, Healthcare, Government, Energy & Utilities, Manufacturing, Retail & Consumer Goods, Telecom & IT, and Others), and Regional Forecast, 2020-2027",https://www.fortunebusinessinsights.com/industry-reports/enterprise-governance-risk-and-compliance-egrc-market-101415
67,"Semiconductor Market Size, Share & COVID-19 Impact Analysis, By Components (Memory Devices, Logic Devices, Analog IC, MPU, Discrete Power Devices, MCU, Sensors and Others), By Application (Networking & Communications, Data Processing, Industrial, Consumer Electronics, Automotive, Government) and Regional Forecast, 2020-2027",https://www.fortunebusinessinsights.com/semiconductor-market-102365
68,"Location Analytics Market Size, Share & COVID-19 Impact Analysis, By Component (Solution, Services), By Location (Indoor, Outdoor), By Deployment (Cloud, On-Premises), By Application (Disaster and Emergency Response Management, Sales and Marketing Optimization, Supply Chain Management, Customer Experience Management, Others), By Vertical (BFSI, Transportation & Logistics, Government & Defense, Tourism, and Others), and Regional Forecast, 2020-2027",https://www.fortunebusinessinsights.com/location-analytics-market-102041
69,"Network Attached Storage Market Size, Share & COVID-19 Impact Analysis, By Component (Solution, and Services), By Product Type (High-end/Enterprise, Midmarket, and Low-end), By Storage Solution (Scale-up NAS, and Scale-out NAS), By Deployment (Cloud, and On-premises), By End-user (BFSI, Healthcare, Retail & e-commerce, IT & Telecomm, Automotive, and Others) and Regional Forecast, 2020-2027",https://www.fortunebusinessinsights.com/industry-reports/network-attached-storage-market-100505
70,"Electronic Shelf Label (ESL) Market Size, Share & COVID-19 Impact Analysis, By Type (LCD based and E-paper based), By Technology (Vendor Facing Technology and Consumer Facing Technology), By End-use Industry (Hypermarket/ Supermarket, Non-food Retail Stores, Specialty Stores, and Others), and Regional Forecast, 2020-2027",https://www.fortunebusinessinsights.com/electronic-shelf-labels-market-102520
71,"Digital Signature Market Size, Share & COVID-19 Impact Analysis, By Component (Software, Hardware, and Services), By Deployment (Cloud, and On-Premises), By Enterprise Size (Large Enterprises and Small & Medium Enterprises), By Industry (BFSI, IT and Telecommunications, Government, Healthcare & Life Science, Education, Retail, Real Estate, and Others), and Regional Forecast, 2020-2027",https://www.fortunebusinessinsights.com/industry-reports/digital-signature-market-100356
72,"Internet of Things (IoT) Security Market Size, Share & COVID-19 Impact Analysis, By Component (Software, and Services), By Enterprise Size (SMEs, and Large Enterprises), By Deployment (Cloud and On-Premise), By Product Type (Network Security, Endpoint Security, Application Security, Cloud Security, and Others), By Application (Smart Homes, Smart Manufacturing, Connected Logistics, and Others), By End-use Industry, and Regional Forecast, 2020-2027",https://www.fortunebusinessinsights.com/iot-internet-of-things-security-market-103852
73,"Video Conferencing Market Size, Share & COVID-19 Impact Analysis, By Component (Solution and Services), By Conference Type (Telepresence, Integrated, Desktop, and Service-based Video Conferencing System), By Deployment (Cloud, On-premises), By Enterprises Size (Small and Medium Enterprises (SMEs), Large Enterprises), By Application (Small Rooms, Huddle Rooms, Middle Rooms, and Large Rooms), and Regional Forecast, 2020-2027",https://www.fortunebusinessinsights.com/industry-reports/video-conferencing-market-100293
74,"Team Collaboration Software Market Size, Share & COVID-19 Impact Analysis, By Component (Solution, Services), By Deployment (Cloud, On-Premises), By Enterprise Size (SMEs, Large Enterprises), By End-User (Banking, Financial Services and Insurance (BFSI), IT and Telecommunications, Manufacturing, Retail and Consumer Goods, Healthcare, Transportation and Logistics, Education, Others), and Regional Forecast, 2020-2027",https://www.fortunebusinessinsights.com/industry-reports/team-collaboration-software-market-101327
75,"Robotic Process Automation (RPA) Market Size, Share & COVID-19 Impact Analysis, By Deployment (On-Premises, Cloud), By Operation (Rule-Based, Knowledge-Based), By Application (Administration and reporting, Customer Support, Data Migration & Capture Extraction, Analysis, Others), By Industry (Retail, Manufacturing and Logistics Industry, BFSI, Healthcare, IT and Telecom, Hospitality, Others) and Regional Forecast, 2020-2027",https://www.fortunebusinessinsights.com/robotic-process-automation-rpa-market-102042
76,"Contact Center Software Market Size, Share & COVID-19 Impact Analysis, By Component (Solution and Services), By Deployment (Cloud, and On-Premises), By Enterprise Size (Large Enterprises and Small & Medium Enterprises), By Industry (BFSI, ITES, IT, and Telecom, Government, Healthcare, Consumer Goods and Retail, Travel and Hospitality, Media and Entertainment, and Others), and Regional Forecast, 2020-2027",https://www.fortunebusinessinsights.com/industry-reports/contact-center-software-market-100840
77,"Electronic Data Interchange (EDI) Software Market Size, Share & COVID-19 Impact Analysis, By Product Type (Cloud Based, and On-Premise), By Industry (Healthcare, Automotive, Financial Services, High-Tech/ Manufacturing, Retail, Logistics, and Others (Telecom, etc.), and Regional Forecast, 2020-2027",https://www.fortunebusinessinsights.com/electronic-data-interchange-edi-software-market-103690
78,"Cloud Security Market Size, Share & COVID-19 Impact Analysis, By Application (Identity and Access Management, Email and Web Security, Data Encryption and Prevention), By Security Type (Workload Security, Network Security, Platform Security), By Enterprise (Large Enterprises, SMEs), By Deployment (Public, Hybrid, Private), By End-User (IT and Telecom, BFSI, Healthcare and Life Sciences, Manufacturing), and Regional Forecast, 2020-2027",https://www.fortunebusinessinsights.com/cloud-security-market-102427
79,"Robotic Sensors Market Size, Share & COVID-19 Impact Analysis, By Type (Light Sensor, Tactile Sensor, Temperature Sensor, Pressure Sensor, Navigation and Positioning Sensors, Proximity Sensor, Others), By End Use Industry (Aerospace and Defense, Automotive, Chemicals, Consumer Electronics, Energy and Utility, Food and Beverages, Healthcare, Logistics and Transportation, Manufacturing, Agriculture, Others) and Regional Forecast, 2020-2027",https://www.fortunebusinessinsights.com/robotic-sensors-market-103688
80,"Artificial Intelligence (AI) in Retail Market Size, Share & COVID-19 Impact Analysis, By Offerings (Solution, Services), By Function (Operation-Focused, Customer-Facing), By Technology (Computer Vision, Machine Learning, Natural Language Processing, Others), and Regional Forecast, 2020-2027",https://www.fortunebusinessinsights.com/artificial-intelligence-ai-in-retail-market-101968
81,"Smart Education and Learning Market Size, Share & COVID-19 Impact Analysis, By Component (Hardware, Software, Services), By Learning Mode (Collaborative Learning, Virtual Instructor Led Learning, Simulation-Based Learning, Social Learning, Blended Learning), By End User (Corporate, Academic, Government), and Regional Forecast, 2020-2027",https://www.fortunebusinessinsights.com/industry-reports/smart-education-and-learning-market-101942
82,"Night Vision Devices Market Size, Share & COVID-19 Impact Analysis, By Device Type (Binoculars and Monocular, Cameras, Glasses, Goggles, and Scopes), By Application (Border surveillance, Engineering, Fire and Rescue, Law Enforcement, Maritime & Coastal surveillance, Medical, Security, and Others (Natural Resource Agency Applications, etc.), and Regional Forecast, 2020-2027",https://www.fortunebusinessinsights.com/industry-reports/night-vision-device-market-101784
83,"Smart Manufacturing Market Size, Share & COVID-19 Impact Analysis, By Component (Solution and Services), By Deployment (Cloud and On-premise), By Enterprise Size (Small & Medium Enterprise (SMEs) and Large Enterprise), By Industry (Discrete and Process), and Regional Forecast, 2020-2027",https://www.fortunebusinessinsights.com/smart-manufacturing-market-103594
84,"Internet of Things (IoT) in Healthcare Market Size, Share & COVID-19 Impact Analysis, By Component (Devices, Software, Services), By Software (Remote Device Management, Data Analytics, Compliances and Security, Asset Performance Management), By Application (Telemedicine, Patient Monitoring, Operations and Workflow Management, Remote Scanning, Sample Management), By End-Use (Laboratory Research, Hospitals, Clinics), and Regional Forecast, 2020-2027",https://www.fortunebusinessinsights.com/internet-of-things-iot-in-healthcare-market-102188
85,"Thermal Imaging Market Size, Share & COVID-19 Impact Analysis, By Type (Handheld and Fixed/Mounted), By Technology (Cooled, Uncooled), By Product (Thermal Camera, Thermal Scopes, Thermal Module), By Wavelength (Shortwave Infrared (SWIR), Mid-wave Infrared (MWIR)), By Application (Border Surveillance, Vehicle Targeting, C-UAS), By Vertical (Aerospace and Defense, Law Enforcement, Healthcare, Automotive), and Regional Forecast, 2020-2027",https://www.fortunebusinessinsights.com/thermal-imaging-market-102588
86,"Augmented Reality (AR) Market Size, Share & COVID-19 Impact Analysis, By Component (Hardware, and Software), By Device Type (Head Mounted Display, Heads-Up Display, Handheld Devices, Stationary AR Systems, Smart Glasses, Others), By Industry (Gaming, Media & Entertainment, Automotive, Retail, Healthcare, Education, Manufacturing, and Others), and Regional Forecast, 2020-2027",https://www.fortunebusinessinsights.com/augmented-reality-ar-market-102553
87,"Virtual Reality (VR) Market Size, Share & COVID-19 Impact Analysis, By Component (Hardware, Software, and Content), By Device Type (Head Mounted Display, VR Simulator, VR Glasses, Treadmills & Haptic Gloves, and Others), By Industry (Gaming, Entertainment, Automotive, Retail, Healthcare, Education, Aerospace & Defence, Manufacturing, and Others), And Regional Forecast, 2020-2027",https://www.fortunebusinessinsights.com/industry-reports/virtual-reality-market-101378
88,"Human Capital Management (HCM) Market Size, Share & COVID-19 Impact Analysis, By Offering (Solution and Services), By Deployment (Cloud, and On-Premises), By Enterprise size (SMEs, and Large Enterprises), By End-use Industry (IT and Telecommunication, BFSI, Government, Retail, Healthcare, Education, Manufacturing, and Others), and Regional Forecast, 2020-2027",https://www.fortunebusinessinsights.com/industry-reports/human-capital-management-hcm-market-100240
89,"Wireless Temperature Sensor Market Size, Share & COVID-19 Impact Analysis, By Type (Thermocouple, Thermistor, Resistance Temperature Detector (RTD), Semiconductor Temperature Sensor), By Channel Output (Single-channel, Multi-channel), By Technology (Wi-Fi, Bluetooth, ZigBee, Radio-frequency identification (RFID)), By End-user (Healthcare, Consumer Electronics, Automotive, Aerospace and Defense, Food and Beverages), and Regional Forecast, 2020-2027",https://www.fortunebusinessinsights.com/wireless-temperature-sensor-market-103520
90,"Smart Helmet Market Size, Share & COVID-19 Impact Analysis, By Type (Full-face, Open-face, Half-head), By Technology (Integrated Communication System, Integrated Video Camera, Contactless Temperature Measurement, Bluetooth Connectivity, Signal Indicator and Brake Function, and Others), By End-user (Consumer, Industrial, Healthcare, and Construction), and Regional Forecast, 2020-2027",https://www.fortunebusinessinsights.com/smart-helmet-market-103519
91,"Learning Management System (LMS) Market Size, Share & COVID-19 Impact Analysis, By Component (Solutions, Services), By Deployment (On-Premise, Cloud), By Enterprise Size (Large Enterprises, Small and Medium Enterprises), By End User (Academic, Corporate), and Regional Forecast, 2020-2027",https://www.fortunebusinessinsights.com/industry-reports/learning-management-system-market-101376
92,"Virtual Reality in Automotive Market Size, Share & COVID-19 Impact Analysis, By Component (Hardware, Software, and Content), By Application (Designing & Prototyping, Training, Virtual Showrooms, Research & Development, Others), And Regional Forecast, 2020-2027",https://www.fortunebusinessinsights.com/industry-reports/virtual-reality-vr-in-automotive-market-101702
93,"Web Conferencing Market Size, Share & COVID-19 Impact Analysis, By Component (Solution and Services), By Deployment (Hosted Web Conferencing, On-Premises Web Conferencing, Managed Web Conferencing and Software-as-a-Service (SaaS)), By End-use (Education, Government, Healthcare, IT and Telecommunication, BFSI, Manufacturing, Media & Entertainment, and Others), and Regional Forecast, 2020-2027",https://www.fortunebusinessinsights.com/web-conference-software-market-102993
94,"Virtual Fitting Room Market Size, Share and COVID-19 Impact Analysis, By Component (Hardware, Software, and Services), By Services (Integration, Support and Maintenance, and Consulting), By Application (Apparel, Eyewear, Jewelry and Watches, and Others), By End User (Physical Stores and Virtual Store) and Regional Forecast, 2020-2027",https://www.fortunebusinessinsights.com/industry-reports/virtual-fitting-room-vfr-market-100322
95,"Industrial Automation Market Size, Share & COVID-19 Impact Analysis, By Component (Hardware, and Software), By Industry (Discrete Industry, and Process Industry), and Regional Forecast, 2020-2027",https://www.fortunebusinessinsights.com/industry-reports/industrial-automation-market-101589
96,"Customer Relationship Management (CRM) Market Size, Share & COVID-19 Impact Analysis, By Component (Software, Services), By Deployment (On-Premises, Cloud), By Enterprise Size (Large Enterprises, SMEs), By Application (Marketing and Sales Automation, Customer Management, Lead Generation and Customer Retention, Customer Support), By Vertical (BFSI, Manufacturing, IT and Telecommunications, Retail and Consumer Goods,) and Regional Forecast, 2020–2027",https://www.fortunebusinessinsights.com/customer-relationship-management-crm-market-103418
97,"Online Payment Market Size, Share & COVID-19 Impact Analysis, By Payment Type (Mobile Payment, Online Banking, and Digital Wallet), By Industry (Media & Entertainment, Retail, BFSI, Food & Beverages, IT &Telecom, Transportation, and Others), and Regional Forecast, 2020-2027",https://www.fortunebusinessinsights.com/online-payment-market-103417
98,"Fraud Detection and Prevention Market Size, Share & COVID-19 Impact Analysis, By Component (Solution and Services), By Deployment (On-Premise and Cloud), By Enterprise Size (Large Enterprises and Small and Medium Enterprises), By Application Area (Insurance Claim, Money Laundering), By Vertical (BFSI, IT and Telecommunication, Government, Retail and Consumer packed Goods, Manufacturing, Health and Life Sciences) and Regional Forecast, 2020-2027",https://www.fortunebusinessinsights.com/industry-reports/fraud-detection-and-prevention-market-100231
99,"Cognitive Computing Market Size, Share & COVID-19 Impact Analysis, By Component (Platform, and Services), By Technology (Machine Learning (ML), Natural Language Processing (NLP), Automated Reasoning) By Deployment (Cloud-based, and On-premise), By Enterprise Size (Small & Medium Enterprise (SMEs), and Large Enterprise), By End-user (BFSI, Healthcare, Retail & e-commerce, IT & Telecom) and Regional Forecast, 2020-2027",https://www.fortunebusinessinsights.com/cognitive-computing-market-103377
100,"Critical Infrastructure Protection (CIP) Market Size, Share & COVID-19 Impact Analysis, By Component (Type, Services), By Application (Identity and Access Management, Patching and Vulnerability Management, Security Event Monitoring, Incident Response, Resilience and System Recovery), By Vertical (Energy and Power, BFSI, Transportation and Logistics, Healthcare, Manufacturing and Chemical, Oil and Gas) and Regional Forecast, 2020-2027",https://www.fortunebusinessinsights.com/critical-infrastructure-protection-cip-market-103339
101,"Artificial Intelligence (AI) Market Size, Share & COVID-19 Impact Analysis, By Component (Hardware, Software, and Services), By Technology (Computer Vision, Machine Learning, Natural Language Processing, and Others), By Deployment (Cloud, On-premises), By Industry (Healthcare, Retail, IT & Telecom, BFSI, Automotive, Advertising & Media, Manufacturing, and Others) and Regional Forecast, 2020-2027",https://www.fortunebusinessinsights.com/industry-reports/artificial-intelligence-market-100114
102,"Machine Learning Market Size, Share & COVID-19 Impact Analysis, By Component (Solution, and Services), By Enterprise Size (SMEs, and Large Enterprises), By Deployment (Cloud and On-premise), By Industry (Healthcare, Retail, IT and Telecommunication, BFSI, Automotive and Transportation, Advertising and Media, Manufacturing, and Others), and Regional Forecast, 2020-2027",https://www.fortunebusinessinsights.com/machine-learning-market-102226
103,"Loyalty Management Market Size, Share and COVID-19 Impact Analysis, By Type (Customer Retention, Customer Loyalty, and Channel Loyalty), By Deployment (On-Premise and Cloud), By Enterprise Size (Large Enterprises, Small & Medium Enterprises), By Industry (Banking, Finance, Security and Insurance (BFSI), IT and Telecommunications, Transportation, Retail, Hospitality, Manufacturing, Media & Entertainment,) and Regional Forecast, 2020-2027",https://www.fortunebusinessinsights.com/industry-reports/loyalty-management-market-101166
104,"SWIR Camera Market Size, Share and Covid-19 Impact Analysis, By Product (SWIR Linear Camera, SWIR Area Camera), By Application (Inspection and Quality Control, Security and Surveillance, Astronomy, Thermography, Spectroscopy, and Others), By End-user (Industrial Manufacturing, Aerospace and Defense, Scientific Research and Life Sciences, and Others), and Regional Forecast, 2020 – 2027",https://www.fortunebusinessinsights.com/swir-camera-market-103283
105,"Mobile Payment Market Size, Share & Industry Analysis, By Payment Type (Proximity Payment, Remote Payment), By Industry (Media & Entertainment, Retail, BFSI, Automotive, Medical & Healthcare, Transportation, Consumer Electronics, Others), and Regional Forecast, 2020-2027",https://www.fortunebusinessinsights.com/industry-reports/mobile-payment-market-100336
106,"Fleet Management Software Market Size, Share & Covid-19 Impact Analysis, By Component (Solution (Operations Management, Vehicle Maintenance, and Diagnostics, Performance Management, Fleet Analytics & Reporting), and Services), By Fleet Type (Commercial Fleet and Passenger Cars), By Deployment (Cloud, and On-premises), By Industry (Manufacturing, Logistics, Transportation), and Regional Forecast, 2020-2027",https://www.fortunebusinessinsights.com/industry-reports/fleet-management-software-market-100893
107,"Data Visualization Market Size, Share and Industry Analysis, By Component (Software, Services), By Solution (Standalone Visualization Software, Embedded Data Visualization Module), By Enterprise Size (Small Enterprises, Medium Enterprises, and Large Enterprises), By Industry (BFSI, Construction and Real Estate, Consumer Goods, Education, Government, Healthcare and Pharmaceuticals, Information Technology, Services) and Geography Forecast, 2020–2027",https://www.fortunebusinessinsights.com/data-visualization-market-103259
108,"Internet of Things (IoT) Market Size, Share & Covid-19 Impact Analysis, By Component (Platform, Solution and Services), By Platform (Device Management, Cloud Platform, and Network Management), By Solution (Real-Time Streaming Analytics, Security, Data Management, Remote Monitoring), By End-Use (BFSI, Retail, Government, Healthcare, Manufacturing, Agriculture, Sustainable Energy), and Regional Forecast, 2020-2027",https://www.fortunebusinessinsights.com/industry-reports/internet-of-things-iot-market-100307
109,"Facial Recognition Market Size, Share & Covid-19 Impact Analysis, By Component (Solutions, Services), By Technology (2D Facial Recognition, 3D Facial Recognition, Thermal Face Recognition, Skin Texture Analysis, and Others, By Application (Face Identification, Access Control, Security & Surveillance, and Others, By End-user (BFSI, Healthcare, Government & Defense, IT & Telecom, Retail & ecommerce), and Regional Forecast, 2020-2027",https://www.fortunebusinessinsights.com/industry-reports/facial-recognition-market-101061
110,"Retail Analytics Market Size, Share and Covid-19 Impact Analysis, By Type (Software and Services), By Deployment (On-Premise and Cloud), By Retail Store Type (Hypermarkets and Supermarkets, and Retail Chains), By Function (Customer Management, Supply Chain Management, Merchandising, In-Store Operations, and Strategy & Planning) and Regional Forecast, 2020-2027",https://www.fortunebusinessinsights.com/industry-reports/retail-analytics-market-101273
111,"Fiber Optics Market Size, Share & Industry Analysis, By Component (Hardware, Software, Services), By Application (Telecommunication, Smart Cities, Power Utilities, Aerospace and Defense, Industrial Automation and Control, Renewable Energy, Others), and Regional Forecast, 2020-2027",https://www.fortunebusinessinsights.com/fiber-optics-market-102904
112,"Push-to-Talk Market Size, Share & Industry Analysis, By Component (Devices, Software, and Services), By Network Type (Push-to-talk over Cellular (PoC), and Land Mobile Radio (LMR)), By Enterprise Size (SMEs, and Large Enterprises), By Sector (Public Safety & Security, Government & Defense, Transportation & Logistics, Energy & Utility, Travel & Hospitality, and Others (Manufacturing, Construction, etc.)) and Regional Forecast, 2020-2027",https://www.fortunebusinessinsights.com/industry-reports/push-to-talk-market-100079
113,"Email Marketing Software Market Size, Share and Industry Analysis, By Channel (Business-to-Business (B2B) and Business-to-Customers (B2C)), Deployment (On-Premise and Cloud), By Enterprise Size (Large Enterprises, Small & Medium Enterprises), By Application (Email Lead Generation, Sales Reporting, Customer Management), By Industry (Banking, Finance, Security and Insurance (BFSI), IT and Telecommunications) and Regional Forecast, 2020-2027",https://www.fortunebusinessinsights.com/email-marketing-software-market-103100
114,"Wireless Microphone Market Size, Share & Covid-19 Impact Analysis, By Type (Handheld, Bodypack, and Tabletop), By Frequency band (Ultra High Frequency (UHF), Very High Frequency (VHF), 2.4 GHz, and Others), By End-user (Corporate, Retail, Transportation, Education, Healthcare, Sports and Entertainment, Others) and Regional Forecast, 2020-2027",https://www.fortunebusinessinsights.com/wireless-microphone-market-103099
115,"Thermal Camera Market Size, Share and COVID-19 Impact Analysis, By Product (Handheld, Mounted, and Scopes and Goggles), By Technology (Cooled, Uncooled), By Application (Monitoring and Inspection, Security and Surveillance, Detection and Measurement, Search and Rescue Operations), By End-use (Military and Defense, Industrial, Commercial, Healthcare and Life Sciences, Residential, Automotive) and Regional Forecast, 2020–2027",https://www.fortunebusinessinsights.com/thermal-camera-market-103098
116,"AI-Based Fever Detection Camera Market Size, Share & Industry Analysis, By Type (Turret/Bullet Cameras, and Handheld Cameras), By End-User (Airports, Hospitals, Public Places, Enterprises/Factories, Banks, and Others), and Regional Forecast, 2020-2027",https://www.fortunebusinessinsights.com/ai-based-fever-detection-camera-market-103093
117,"Video Streaming Market Size, Share & Industry Analysis, By Component (Hardware, Software, Content Delivery Services), By Streaming Type (Live Video Streaming, On-demand Video Streaming), By Streaming Model (Advertisement-based, Subscription-based, Transactional-based/Rental), By Deployment (On-Premise, Cloud), By End-Use (Commercial, Residential), and Regional Forecast, 2020-2027",https://www.fortunebusinessinsights.com/video-streaming-market-103057
118,"Risk Analytics Market Size, Share and Covid-19 Impact Analysis, By Component (Software, Services), By Risk Type Application (Financial Risk, Operational Risk, Compliance Risk, Strategic Risks), By Deployment (Cloud, On-Premise), By Enterprise Size (Small and Medium-sized Enterprises (SMEs), Large Enterprises) By Industry (Banking, Financial Services and Insurance (BFSI), IT and Telecommunications, Healthcare) and Regional Forecast, 2020-2027",https://www.fortunebusinessinsights.com/risk-analytics-market-102975
119,"Mobile Security Market Size, Share and Industry Analysis, By Component (Solutions and Services), By Operating System (iOS and MacOS, Android, Windows, and Others), By Vertical (BFSI, IT & Telecom, Healthcare, Manufacturing, Retail, Education, Government, Others), and Regional Forecast, 2020-2027",https://www.fortunebusinessinsights.com/mobile-security-market-103038
120,"Linux Operating System Market Size, Share & Covid-19 Impact Analysis, By Distribution (Virtual Machines, Servers and Desktops), By End-use (Commercial/Enterprise and Individual), and Regional Forecast, 2020-2027",https://www.fortunebusinessinsights.com/linux-operating-system-market-103037
121,"Virtual Reality in Gaming Market Size, Share & Covid-19 Impact Analysis, By Component (Hardware, Software and Content), By Device (Mobile, Console/PC and Standalone), and Regional Forecast, 2020-2027",https://www.fortunebusinessinsights.com/industry-reports/virtual-reality-gaming-market-100271
122,"Managed Services Market Size, Share & Covid-19 Impact Analysis, By Services (Voice Services, Non-voice Services and IT Managed Services), By Function (Finance and Accounting (F&A), Marketing, Procurement, Supply Chain, Human Resource (HR) and Information Technology (IT)), By End-user (Medical, Financial, Government, Audit & Consulting, Corporate, Telecommunication, and Insurance & Re-insurance) and Regional Forecast, 2020-2027",https://www.fortunebusinessinsights.com/managed-services-market-102430
123,"Document Management Services Market Size, Share & COVID-19 IMPACT Analysis, By Services (Archiving and Storage, Imaging and Scanning, Printing, Mailroom Services and Others), By End-user (Medical, Financial, Government, Audit & Consulting, Corporate, Telecommunication, and Insurance & Re-insurance) and Regional Forecast, 2020-2027",https://www.fortunebusinessinsights.com/document-management-services-market-102848
124,"Customer Data Platform Market Size, Share & Industry Analysis, By Component (Platform and Services), By Deployment (Cloud, On-premises), By Type (Access, Analytics, and Campaign) By Industry (Banking, Financial Services and Insurance (BFSI), Retail and ecommerce, Information Technology (IT) and Telecom, Media and Entertainment, Travel and Hospitality, Healthcare, and Others (Government and Education)), and Regional Forecast, 2020-2027",https://www.fortunebusinessinsights.com/industry-reports/customer-data-platform-market-100633
125,"Gamification Market Size, Share & Industry Analysis, By Deployment (Cloud, On-premises), By Enterprise Size (SMEs and Large Enterprises), By Application (Marketing, Sales, Product Development, Human Resource, Others) By Industry (BFSI, Retail, Government, Healthcare, Education and research, IT and Telecom, Others), and Regional Forecast, 2020-2027",https://www.fortunebusinessinsights.com/industry-reports/gamification-market-100632
126,"Video Surveillance Market Size, Share & Industry Analysis, By Component (Hardware, Software, and Video Surveillance as a Service (VSaaS)), By End-User (Commercial, Industrial, Residential and Government), and Regional Forecast, 2019-2026",https://www.fortunebusinessinsights.com/video-surveillance-market-102673
127,"Artificial Intelligence (AI) in Manufacturing Market Size, Share & COVID-19 Impact Analysis, By Offering (Hardware, Software, and Services), By Technology (Computer Vision, Machine Learning, Natural Language Processing), By Application (Process Control, Production Planning, Predictive Maintenance & Machinery Inspection), By Industry (Automotive, Medical Devices, Semiconductor &Electronics), and Regional Forecast, 2020-2027",https://www.fortunebusinessinsights.com/artificial-intelligence-ai-in-manufacturing-market-102824
128,"Cryptocurrency Market Size, Share and COVID-19 Impact Industry Analysis, By Component (Hardware, Software), By Type (Bitcoin, Ether, Litecoin, Ripple, Ether Classic, Others), By End-use (Trading, E-commerce and Retail, Peer-to-Peer Payment, and Remittance), and Regional Forecast, 2020 – 2027",https://www.fortunebusinessinsights.com/industry-reports/cryptocurrency-market-100149
129,"Property Management Market Size, Share & Industry Analysis, By Component (Software, Services), By Deployment (Cloud, On-Premises), By Application (Residential, Commercial), By End-User (Property Managers, Housing Associations, Real Estate Agents, and Others), and Regional Forecast, 2019-2026",https://www.fortunebusinessinsights.com/property-management-market-102805
130,"Commerce Cloud Market Size, Share & Industry Analysis, By Component (Platform, and Services), By Enterprise Size (SMEs, and Large Enterprises), By Application (Grocery and Pharmaceuticals, Fashion and Apparel, Travel and Hospitality, Electronics, Furniture and Bookstore, and Others), By End-use (B2B, and B2C), and Regional Forecast, 2020-2027",https://www.fortunebusinessinsights.com/commerce-cloud-market-102802
131,"Speech-to-Text API Market Size, Share and Industry Analysis, By Component (Software, Services), By Deployment (On-Premise and Cloud), By Application (Contact Center and Customer Management, Transcription, Fraud Detection, Compliance Management, Voice Search and Others), By Industry (BFSI, IT and Telecom, Healthcare, Retail and Consumer Goods, Media & Entertainment, Education, Others) and Regional Forecast, 2020-2027",https://www.fortunebusinessinsights.com/speech-to-text-api-market-102781
132,"Network Security Market Size, Share & Industry Analysis, By Type(Firewalls, Antivirus and antimalware software, VPN, Data loss prevention, Intrusion prevention systems, Wireless security, Others), By Enterprise Size (SMEs and Large Enterprises), By Deployment (Cloud, On-premises), By Industry (BFSI, IT and Telecommunications, Retail, Healthcare, Government, Manufacturing, Travel and Transportation), and Regional Forecast, 2020-2027",https://www.fortunebusinessinsights.com/industry-reports/network-security-market-100339
133,"Patent Analytics Market Size, Share and Industry Analysis, By Component (Solutions and Services), By Services (Patent Landscapes/White Space Analysis, Patent Strategy and Management, Patent Valuation), By Enterprise Size (Large Enterprises, Small & Medium Enterprises), By Industry (IT and Telecommunications, Healthcare, Banking, Financial Services and Insurance (BFSI), Automotive), and Regional Forecast, 2020-2027",https://www.fortunebusinessinsights.com/patent-analytics-market-102774
134,"Cloud Storage Market Size, Share & Industry Analysis, By Component (Storage Model, and Services), By Deployment (Private, Public, and Hybrid), By Enterprise Size (SMEs, and Large Enterprises), By Vertical (BFSI, IT and Telecommunication, Government and Public Sector, Manufacturing, Healthcare and Life Sciences, Retail and Consumer Goods, Media and Entertainment, and Others), and Regional Forecast, 2020-2027",https://www.fortunebusinessinsights.com/cloud-storage-market-102773
135,"Security Analytics Market Size, Share & Industry Analysis, By Component (Solutions, and Services), By Application (Network Security Analytics, Web Security Analytics, Endpoint Security Analytics, and Application Security Analytics), By Vertical (BFSI, Government and Defense, IT and Telecommunication, Manufacturing, Healthcare, Energy and Utilities, and Others), and Regional Forecast, 2020-2027",https://www.fortunebusinessinsights.com/security-analytics-market-102772
136,"Blockchain-as-a-Service (BaaS) Market Size, Share & Industry Analysis, By Component (Tool and Service), By Application (Smart Contracts, Supply Chain Management, Payments, Governance, Risk, and Compliance Management), By Industry (BFSI, Energy & Utilities, Government, Healthcare and Life Sciences, Manufacturing, Telecom, Media & Entertainment, Retail & Consumer Goods), and Regional Forecast, 2020-2027",https://www.fortunebusinessinsights.com/blockchain-as-a-service-baas-market-102721
137,"Manufacturing Operations Management Software Market Size, Share & Industry Analysis, By Component (Services, Software), By Function (Labor Management, Planning & Scheduling, Process and Production Intelligence, Quality Process Management, Others), By Industry (Automotive, Chemicals, Medical Equipment & Pharmaceuticals, Food and Beverages, Aerospace and Defense, Others), and Regional Forecast, 2020 – 2027",https://www.fortunebusinessinsights.com/manufacturing-operations-management-software-market-102713
138,"Talent Management Software Market Size, Share & Industry Analysis, By Component (Solution and Services), By Solution (Performance Management, Talent Acquisition, Learning Management, Compensation Management, and Others), By Enterprise Size (SMEs and Large Enterprises), By Deployment (Cloud and On-premise), By Industry (IT and Telecommunication, BFSI, Government, Healthcare, Education, Manufacturing, and Others), and Regional Forecast, 2019-2026",https://www.fortunebusinessinsights.com/industry-reports/talent-management-software-market-100374
139,"Streaming Media Devices Market Size, Share & Industry Analysis, By Type (Gaming Consoles, and Media Streamers), By Resolution (HD, HDR and 4K), By Application (Audio, Video, and Others), By End-Use (Commercial, and Residential), and Regional Forecast, 2019-2026",https://www.fortunebusinessinsights.com/streaming-media-devices-market-102662
140,"Wireless Speakers Market Size, Share and Industry Analysis, By Technology (Bluetooth, Wi-Fi, Voice-enabled Speakers, and Others), By Application (In-door, and Outdoor), and Regional Forecast, 2019-2026",https://www.fortunebusinessinsights.com/wireless-speakers-market-102657
141,"Business Process Management (BPM) Market Size, Share & Industry Analysis, By Component (Solution, Services), By Deployment Type (On-Premise, Cloud), By Enterprise Size (Large Enterprises, SME’s), By Functionality (Accounting & Finance, Sales & Marketing, Human Resource, Supply Chain Management, Operation & Support), By Industry (BFSI, IT & Telecom, Healthcare, Manufacturing, Others) and Regional Forecast, 2019-2026",https://www.fortunebusinessinsights.com/business-process-management-bpm-market-102639
142,"Workforce Management Market Size, Share & Industry Analysis, By Component (Software, and Services), By Deployment (On-Premise, and Cloud), By Enterprise Size (SMEs and Large Enterprises), By Application (Workforce Analytics, Workforce Scheduling, Time and Attendance Management, and Others), By End-Use Industry (IT and Telecommunication, BFSI, Government, Retail, Healthcare, Education, Manufacturing, and Others) and Regional Forecast, 2019-2026",https://www.fortunebusinessinsights.com/workforce-management-market-102633
143,"Tax Management Software Market Size, Share & Industry Analysis, By Component (Software, Professional Services), By Deployment (On-Premises, Cloud), By Enterprise Size (Large Enterprises, SMEs), By Vertical (BFSI, Healthcare, Retail, Manufacturing, Energy and Utilities, and Others), and Regional Forecast, 2019-2026",https://www.fortunebusinessinsights.com/tax-management-software-market-102631
144,"3D Scanning Market Size, Share & Industry Analysis, By Component (Hardware, Software), By Range (Short Range, Medium Range, Long Range), By Device (Portable, Stationary), By Application (Reverse Engineering, Quality Control and Inspection, Rapid Prototyping, Full Body Scanning), By End-User (Aerospace and Defense, Healthcare, Automotive, Architecture and Construction, Industrial Manufacturing), and Regional Forecast, 2019-2026",https://www.fortunebusinessinsights.com/3d-scanning-market-102627
145,"Wireless Sensor Network Market Size, Share & Industry Analysis, By Component (Hardware, Software, and Services), By Sensor Type (MEMS Sensors, CMOS-based Sensors, LED Sensors, Motion and Position Sensor), By Application (Home and Building Automation, Industrial Automation, Military Surveillance, Smart Transportation), By End-User (Automotive and Transportation, Aerospace and Defence, Oil and Gas, Healthcare) and Regional Forecast, 2019-2026",https://www.fortunebusinessinsights.com/wireless-sensor-network-market-102625
146,"Event Management Software Market Size, Share & Industry Analysis, By Component (Software, Services), By Deployment (Cloud, On-Premises), By Enterprise Size (SMEs, Large Enterprises), By End-User (Government, Corporate, Event Planners, Education, and Others), and Regional Forecast, 2019-2026",https://www.fortunebusinessinsights.com/event-management-software-market-102611
147,"Radar Sensor Market Size, Share & Industry Analysis, By Type (Pulse Radar, Continuous-Wave Radar, Radar Altimeter), By Range (Short-range, Medium-Range, and Long-Range), By Application (Advanced driver assistance systems (ADAS), Monitoring and Communication, Security and Surveillance, Traffic Monitoring, Environment, and Weather Monitoring), By Vertical (Automotive, Aerospace and Defence, Healthcare, Maritime), and Regional Forecast, 2019-2026",https://www.fortunebusinessinsights.com/radar-sensor-market-102605
148,"Enterprise Resource Planning (ERP) Software Market Size, Share & Industry Analysis, By Component (Software, Services), By Business Function (Financial Management, Human Capital Management, Supply Chain Management, Customer Management); By Enterprise Size (SMEs, Large Enterprises), By Deployment (Cloud, On-Premises, Hybrid); By End-use (Manufacturing, BFSI, Healthcare, Transportation and Logistics, Government, Others), and Region Forecast, 2019-2026",https://www.fortunebusinessinsights.com/enterprise-resource-planning-erp-software-market-102498
149,"Mobile Advertising Market Size, Share & Industry Analysis, By Advertising Type (In-App Ads, Mobile Rich Media, Video Ads, Banner Ads, Others), By Vertical (Retail, Media & Entertainment, Healthcare, BFSI, E-Commerce, Travel & Tourism, Automotive, Others), and Regional Forecast, 2019-2026",https://www.fortunebusinessinsights.com/mobile-advertising-market-102496
150,"Cloud Gaming Market Size, Share & Industry Analysis, By Device (Smartphone, Laptop/Tablets, Personal Computer (PC), Smart TV and Consoles), By Streaming Type (File Streaming and Video Streaming), By End-Users (Business to Business (B2B) and Business to Consumers (B2C)), and Regional Forecast, 2020-2027",https://www.fortunebusinessinsights.com/cloud-gaming-market-102495
151,"Temperature Sensor Market Size, Share & Industry Analysis, By Type (Thermocouple, Thermistor, Resistance Temperature Detector (RTD), Semiconductor Temperature Sensor, Infrared Temperature Sensor, and Others), By End-User (Healthcare, Consumer Electronics, Automotive, Aerospace and Defense, Food and Beverages, Energy and Power, Oil and Gas, Chemicals, and Others), and Regional Forecast, 2019-2026",https://www.fortunebusinessinsights.com/temperature-sensor-market-102434
152,"Gaming Console Market Size, Share & Industry Analysis, By Type (Home Consoles and Handheld Console (Portable and Non-Portable)), By End-use (Residential and Commercial), By Applications (Gaming and Non-Gaming), and Region Forecast, 2020-2027",https://www.fortunebusinessinsights.com/gaming-console-market-102420
153,"Smart Label Market Size, Share & Industry Analysis, By Technology (Electronic Article Surveillance (EAS) Security, RFID, Sensing Labels, Near Field Communication Tag, and QR Code/2D Barcode), By End-User (Retail, Healthcare & Pharmaceuticals, Food & Beverages, Consumer Electronics, Supply Chain and Logistics, Transportation, and Others) and Regional Forecast, 2019-2026",https://www.fortunebusinessinsights.com/smart-label-market-102419
154,"Connected Logistics Market Size, Share & Industry Analysis, By Component (Hardware, Solutions, Services), By Transportation Mode (Roadway, Railway, Airway, Seaway), By Vertical (Manufacturing, Automotive, Food and Beverages, Consumer Goods and Retail, Oil & Gas, Travel and Hospitality, Healthcare and Pharmaceuticals, and Others) and Regional Forecast, 2019-2026",https://www.fortunebusinessinsights.com/connected-logistics-market-102414
155,"Industry 4.0 Market Size, Share and Industry Analysis, By Application (Industrial Automation, Smart factory, Industrial IoT), By Vertical (Manufacturing, Energy & Utilities, Automotive, Transportation, Chemical, Pharmaceuticals, Consumer Electronics, Metals, Others) and Regional Forecast, 2019-2026",https://www.fortunebusinessinsights.com/industry-4-0-market-102375
156,"Big Data in Manufacturing Industry Size, Share & Industry Analysis, By Offering (Solution and Services), By Deployment (On Premise, Cloud-based and Hybrid), By Application (Customer Analytics, Operational Analytics, Quality Assessment, Supply chain management, Production Management, and Others) and Regional Forecast, 2019 - 2026",https://www.fortunebusinessinsights.com/big-data-in-manufacturing-industry-102366
157,"Task Management Software Market Size, Share & Industry Analysis, By Component (Software, Services), By Organization Size (SMEs and Large Enterprises), By Deployment Type (Cloud and On-Premises), By End-User (Banking, Financial Services, and Insurance (BFSI), IT and Telecommunications, Retail, Healthcare, Manufacturing, Travel and Hospitality, Media and Entertainment, and Others) and Regional Forecast, 2019-2026",https://www.fortunebusinessinsights.com/task-management-software-market-102249
158,"Cloud Analytics Market Size, Share & Industry Analysis, By Deployment Type (Public Cloud, Private Cloud, and Hybrid Cloud), By Organization Size (Small And Medium-Sized Enterprises (SMEs) and Large Enterprises), By End-User (BFSI, IT and Telecommunications, Retail and Consumer Goods, Healthcare and Life Sciences, Manufacturing, Education, and Others) and Regional Forecast, 2019-2026",https://www.fortunebusinessinsights.com/cloud-analytics-market-102248
159,"Predictive Maintenance Market Size, Share & Industry Analysis, By Component (Solution, Services), By Techniques (Power System Assessments, Infrared thermography, Fluid Analysis, Circuit Monitor Analysis), By Deployment (On-Premises and Cloud), By Organization Size (Small and Middle Enterprises (SMEs) and Large Enterprises), By End-User (Manufacturing, Government, Energy and Utilities, Transportation, Healthcare) and Regional Forecast, 2019-2026",https://www.fortunebusinessinsights.com/predictive-maintenance-market-102104
160,"Over The Top (OTT) Services Market Size, Share & Industry Analysis, By Service (Online OTT Services, Managed OTT Services), By Type (OTT Communication Services, OTT Media Services, and OTT Applications Services), By Platform (Smartphones, Smart TV, Laptops Desktops and Tablets and Others), and Regional Forecast, 2019-2026",https://www.fortunebusinessinsights.com/industry-reports/over-the-top-services-market-100506
161,"Image Sensor Market Size, Share & Industry Analysis, By Technology (CCD Sensor, CMOS Sensor), By Processing Type (2D, 3D), By Application (Consumer Electronics, Automotive, Healthcare, Surveillance & Security, Others), and Regional Forecast, 2019-2026",https://www.fortunebusinessinsights.com/image-sensor-market-102149
162,"3D Audio Market Size, Share & Industry Analysis, By Component (Hardware (Loudspeakers, Headphones, Microphones/Mic, Sound Bars and Others (Power Amp, etc.), Software and Services), By End-use (Residential and Commercial) and Regional Forecast, 2019-2026",https://www.fortunebusinessinsights.com/3d-audio-market-102085
163,"Connected Agriculture Market Size, Share & Industry Analysis, By Component (Solutions, Services), By Application (Pre-Production Management, In-Production Management, Post-Production Management) and Regional Forecast, 2019-2026",https://www.fortunebusinessinsights.com/connected-agriculture-market-102061
164,"Development and Operations (DevOps) Market Size, Share & Industry Analysis, By Offering (Software, Services), By Deployment (Public Cloud, Private Cloud, and Hybrid), By Organization Size (Large Enterprises, Small and Medium Enterprises), By Industry (BFSI, Retail, Government, Manufacturing, IT & Telecommunication, Healthcare, and Others), and Regional Forecast, 2019-2026",https://www.fortunebusinessinsights.com/devops-market-102040
165,"Beacon Market Size, Share & Industry Analysis, By Component (Hardware and Platform / Software Development Kit (SDK)), By Connectivity Type (Bluetooth Low Energy (BLE), Wi-Fi, Hybrid and Others), By Deployment (Indoor and Outdoor), By End-use (Residential and Commercial) and Regional Forecast, 2019-2026",https://www.fortunebusinessinsights.com/industry-reports/beacon-market-100142
166,"Digital Payment Market Size, Share & Industry Analysis, By Payment Type (Mobile Payment, Online Banking, Point of Sale, Digital Wallet), By Industry (Media & Entertainment, Retail, BFSI, Automotive, Medical & Healthcare, Transportation, Consumer Electronics, Others), and Regional Forecast, 2019-2026",https://www.fortunebusinessinsights.com/digital-payment-market-101972
167,"Light Detection and Ranging (LiDAR) Market Size, Share & Industry Analysis, By Type (Mechanical and Solid-state), By Deployment (Ground-based and Airborne), By Application (Mapping and Cartography, ADAS (Advanced driver-assistance System), Surveillance, Environment, Exploration and Detection and Others), By Industry (Automotive, Aerospace and Defense, Healthcare, IT & Telecom, Oil & Gas and Others) and Regional Forecast, 2019-2026",https://www.fortunebusinessinsights.com/light-detection-and-ranging-lidar-market-101969
168,"Insulated Gate Bipolar Transistor (IGBT) Market Size, Share & Industry Analysis, By Voltage (Low Voltage, Medium Voltage, and High Voltage), By Application (Consumer Electronics, Industrial Manufacturing, Automotive (EV/HEV), Inverters/UPS, Railways, Renewables, Others) and Regional Forecast, 2019-2026",https://www.fortunebusinessinsights.com/industry-reports/igbt-module-market-100501
169,"Virtual Sensors Market Size, Share & Industry Analysis, By Component (Solution, Services), By Deployment (Cloud, On-Premises), By End-User (Oil and Gas, Manufacturing and Utilities, Consumer Technology, Automotive, Aerospace and Defence, Healthcare, Chemical, and Others) and Regional Forecast, 2019-2026",https://www.fortunebusinessinsights.com/virtual-sensors-market-101963
170,"Data Center Cooling Market Size, Share & Industry Analysis, By Product (Air Conditioners, Precision Air Conditioners, Chillers, Air Handling Unit, and Others), By Data Center Type (Large Scale DC, Medium Scale DC, and Small Scale DC), By Cooling Technique (Room-based Cooling, Rack-based Cooling, and Row-based Cooling), By Industry (BFSI, IT and Telecommunication, Manufacturing, Retail, Healthcare, and Others) and Regional Forecast, 2019-2026",https://www.fortunebusinessinsights.com/industry-reports/data-center-cooling-market-101959
171,"Smart Building Market Size, Share & Industry Analysis, By Component (Solution, Services), By Application (Residential, Commercial) and Regional Forecast, 2019-2026",https://www.fortunebusinessinsights.com/industry-reports/smart-building-market-101198
172,"Vertical Farming Market Size, Share & Industry Analysis, By Type (Hydroponics, Aeroponics, and Aquaponics), By Structure (Building-Based, Shipping-Container), By Component (Lighting System, Irrigation and Fertigation System, Climate Control, Sensors, and Others) and Regional Forecast, 2019-2026",https://www.fortunebusinessinsights.com/industry-reports/vertical-farming-market-101958
173,"Natural Language Processing (NLP) Market Size, Share & Industry Analysis, By Deployment (On-Premises, Cloud, and Hybrid), By Technology (Interactive Voice Response (IVR), Text Analytics, Speech Analytics, Pattern and Image Recognition, and Others), By Industry Vertical (Healthcare, Retail, BFSI, Automotive & Transportation, Advertising & Media, Manufacturing, and Others) and Regional Forecast, 2019-2026",https://www.fortunebusinessinsights.com/industry-reports/natural-language-processing-nlp-market-101933
174,"Smart Home Market Size, Share & Industry Analysis, By Product (Home Monitoring/Security, Smart Lighting, Entertainment, Smart Appliances, and Others (Thermostat, etc.)), and Regional Forecast, 2019-2026",https://www.fortunebusinessinsights.com/industry-reports/smart-home-market-101900
175,"Digital Signage Market Size, Share & Industry Analysis, By Component (Hardware, Software, Content, and Services), By Deployment (On-Premise, Cloud), By Location (Indoor, Outdoor), By Product Type (Video Walls, Digital Posters, Kiosks, Billboards, and Others), By Industry Vertical (Retail, Corporate, Hospitality, Transportation, Education, Healthcare, Sports and Entertainment,and Others) and Regional Forecast, 2019-2026",https://www.fortunebusinessinsights.com/industry-reports/digital-signage-market-101898
176,"Internet of Things (IoT) in BFSI (Banking, Financial Services, and Insurance) Market Size, Share & Industry Analysis, By Component (Solutions and Services), By Application (Customer Experience Management, Security, Monitoring, Data Management and Others (Payment Management, etc.)), and Regional Forecast, 2019-2026",https://www.fortunebusinessinsights.com/industry-reports/internet-of-things-iot-in-bfsi-market-101826
177,"Location-Based Services (LBS) Market Size, Share & Industry Analysis, By Component (Hardware, Software, Services), By Location Type (Indoor, Outdoor), By Application (Emergency Services, Tracking Services, Navigation Services, Others), By End-User (BFSI, IT and Telecommunications, Retail, Transportation and Logistics, Government, Healthcare and Life Sciences, Manufacturing) and Regional Forecast, 2019-2026",https://www.fortunebusinessinsights.com/industry-reports/location-based-services-market-101060
178,"Blockchain in Energy Utilities Market Size, Share & Industry Analysis, By Offerings (Vertical Solutions, Blockchain-as-a-Service), By Deployment (Proof of Concept, Pilot, and Production) and Regional Forecast, 2019-2026",https://www.fortunebusinessinsights.com/industry-reports/blockchain-in-energy-utilities-market-101776
179,"Virtual Reality in Manufacturing Industry Share, Trends & Industry Analysis, By Component (Hardware, Software, Content), By Application (Product Design and Development, Safety and Training, Maintenance and Repair, and Communication & Collaboration), and Regional Forecast, 2019-2026",https://www.fortunebusinessinsights.com/industry-reports/virtual-reality-vr-in-manufacturing-industry-101714
180,"Virtual Reality in Aerospace and Defense Market Size, Share & Industry Analysis, By Component (Hardware, Software, and Content), By Application (Training, Maintenance Assistance, Design and Manufacturing, Passengers Entertainment), and Regional Forecast, 2019-2026",https://www.fortunebusinessinsights.com/industry-reports/virtual-reality-vr-in-aerospace-and-defense-market-101703
181,"Virtual Reality in Education Market Size, Share & Industry Analysis, By Component (Hardware, Software, Content), By Application (K-12, Higher Education, and Vocational Training), and Regional Forecast, 2019-2026",https://www.fortunebusinessinsights.com/industry-reports/virtual-reality-in-education-market-101696
182,"Virtual Reality (VR) in Healthcare Market Size, Share & Industry Analysis, By Component (Hardware, Software, and Content), By Application (Pain Management, Education and Training, Surgery, Patient Care Management, Rehabilitation and Therapy Procedures and Post-Traumatic Stress Disorder (PTSD)), and Regional Forecast, 2019-2026",https://www.fortunebusinessinsights.com/industry-reports/virtual-reality-vr-in-healthcare-market-101679
183,"Internet of Things (IoT) in Manufacturing Market Size, Share & Industry Analysis, By Platform (Device Management, Application Management, Network Management), By Software & Services (Software Solution and Services), By Application (Predictive Maintenance, Asset Tracking and Management, Logistics and Supply Chain Management, Real-Time Workforce Tracking and Management, Emergency and Incident Management and Others) and Regional Forecast, 2019-2026",https://www.fortunebusinessinsights.com/industry-reports/internet-of-things-iot-in-manufacturing-market-101677
184,"LED Video Walls Market Size, Share & Industry Analysis, By Type (Direct View LED Video Walls, Indoor LED Video Walls, and Blended Projection Video Walls System), By Location (Indoor, Outdoor), By Application (Retail, Airport/Railways, Control Rooms, Media & Advertising, Sports & Entertainment, Auditorium, Commercial Buildings, and Others), and Regional Forecast, 2019-2026",https://www.fortunebusinessinsights.com/industry-reports/led-video-wall-market-100858
185,"Power over Ethernet (POE) LED Lighting Market Size, Share & Industry Analysis, By End User (Commercial (Retail, Healthcare, and Education), Industrial, and Residential) and Regional Forecast, 2019-2026",https://www.fortunebusinessinsights.com/industry-reports/power-over-ethernet-poe-led-lighting-market-101666
186,"Enterprise Content Management (ECM) Market Size, Share & Industry Analysis, By Solution (Content Workflow, Document Management, Web Content Management, Mobile Content Management), By Deployment (Cloud, On-Premises), By Enterprise Size (SMEs, Large Enterprises), By Industry Vertical (BFSI, Government, IT & Telecom, Consumer Goods and Retail, Healthcare and Life Sciences, Transportation and Logistics) and Regional Forecast, 2019-2026",https://www.fortunebusinessinsights.com/industry-reports/enterprise-content-management-ecm-market-101660
187,"Product Life Cycle Management (PLM) Market Size, Share & Industry Analysis, By Deployment (Cloud and On-Premises), By Industry (Discrete Industry and Process Industry), and Regional Forecast, 2019-2026",https://www.fortunebusinessinsights.com/industry-reports/product-life-cycle-management-market-100370
188,"Small Cell 5G Network Market Size, Share & Industry Analysis, By Application (Residential & SOHO, Enterprises and Others), By Communication Infrastructure (Femtocell, Metrocell, Picocell and Microcell), and Regional Forecast, 2019-2026",https://www.fortunebusinessinsights.com/industry-reports/5g-small-cell-market-101600
189,"Retail Cloud Market Size, Share & Industry Analysis, By Model Type (Infrastructure as a Service, Platform as a Service and Software as a Service), By Deployment (Public, Private and Hybrid Cloud), By Solution (Supply Chain Management, Workforce Management, Customer Management, Reporting & Analytics, Data Security, Omni-Channel), By Enterprise Size (Small & Medium and Large Enterprise) and Regional Forecast, 2019-2026",https://www.fortunebusinessinsights.com/industry-reports/retail-cloud-market-101599
190,"Speech and Voice Recognition Market Size, Share & Industry Analysis, By Component (Solution, Services), By Technology (Voice Recognition, Speech Recognition), By Deployment (On-Premises, Cloud), By End-User (Healthcare, IT and Telecommunications, Automotive, BFSI, Government, Legal, Retail, Travel and Hospitality and Others) and Regional Forecast, 2019 - 2026",https://www.fortunebusinessinsights.com/industry-reports/speech-and-voice-recognition-market-101382
191,"Data Integration and Integrity Software Market Size, Share and Industry Analysis By Component (Tools (Solutions), Services), By Deployment Model (On-Premises, On-Demand), By Enterprise Size (Large Enterprises, Small and Medium Enterprises), By Industry Vertical (BFSI, Healthcare, Manufacturing, Retail, IT & Telecom, Others) And Regional Forecast 2019-2026",https://www.fortunebusinessinsights.com/industry-reports/data-integration-and-integrity-software-market-100899
192,"Accounting Software Market Size, Share and Industry Analysis By Component (Software, Services), Enterprise Size (Large Enterprises, Small And Medium Enterprises), Type (Spreadsheets, ERP, Custom Accounting Software, Tax Management), End-Use Industry (BFSI, IT And Telecommunication, Others) and Regional Forecast 2019-2026",https://www.fortunebusinessinsights.com/industry-reports/accounting-software-market-100107
193,"High Availability Server Market Size, Share and Industry Analysis By Product Type (Consoles & Accessories), By End User (Commercial & Residential) and Regional Forecast 2018-2025",https://www.fortunebusinessinsights.com/industry-reports/high-availability-server-market-100304
194,"Identity And Access Management Market Size, Share and Industry Analysis By Component (Provisioning, Directory Services, Single Sign-On, Others), By Deployment Model (Cloud, On-Premises), By Enterprise Size (Large Enterprises, Small and Medium Enterprises), By Industry Vertical (BFSI, IT and Telecom, Retail and Consumer Packed Goods, Others) And Regional Forecast 2019-2026",https://www.fortunebusinessinsights.com/industry-reports/identity-and-access-management-market-100373
195,"Interchangeable Lens Market Size, Share and Industry Analysis By Focal Length (Equal to 35mm and Larger than 35mm, Smaller than 35mm), By Camera Type (SLR/DSLR, Mirrorless), By Lens Type (Zoom Lens, Prime Lens, Telephoto Lens, Special Lens, Macro Lens) And Regional Forecast 2019-2026",https://www.fortunebusinessinsights.com/industry-reports/interchangeable-lens-market-100677
196,"Stadium Security Market Size, Share and Industry Analysis By Components (Hardware, Software, Services), By Seating Capacity (Less than 5000, Between 5000-50000, More than 50000) and Regional Forecast 2018-2025",https://www.fortunebusinessinsights.com/industry-reports/stadium-security-market-100310
197,"Process Spectroscopy Market Size, Share and Industry Analysis By Technology (NIR Spectroscopy, Raman Spectroscopy, FT-IR Spectroscopy and Others), By End Use Industry (Polymer, Pharmaceutical, Chemical and others), and Regional Forecast 2018-2025",https://www.fortunebusinessinsights.com/industry-reports/process-spectroscopy-market-100391
198,"Recruitment Software Market Size, Share and Industry Analysis by Component (Solution, Services), Service Type (Retail, IT & Telecom, BFSI, Manufacturing, Healthcare, Education, Hospitality, Media & Entertainment), Enterprise Size (Small & Medium Enterprise, Large Enterprise), and Regional Forecast 2018-2025",https://www.fortunebusinessinsights.com/industry-reports/recruitment-software-market-100081
199,"Home Automation Market Size, Share and Industry Analysis by Product Type (Luxury, Mainstream, Managed, DIY Do It Yourself Home Automation System), Application (Safety and Security, Lighting, Entertainment, Heating, Ventilation and Air conditioning), Networking Technology (Wired & Wireless) and Regional Forecast 2018-2025",https://www.fortunebusinessinsights.com/industry-reports/home-automation-market-100074
200,"Aerial Imaging Market Size, Share and Industry Analysis By Camera Orientation (Oblique, Vertical), Platform (Fixed-Wing Aircraft, Helicopter, UAV/Drones), End-Use Industry (Government, Energy Sector, Defense, Forestry and Agriculture, Real Estate, Civil Engineering, Insurance) And Regional Forecast, 2018-2025",https://www.fortunebusinessinsights.com/industry-reports/aerial-imaging-market-100069
